Year,Country,ISO,Rank,Score,Zone
2023,Norway,NOR,1,95.18,UE Balkans
2023,Ireland,IRL,2,89.91,UE Balkans
2023,Denmark,DNK,3,89.48,UE Balkans
2023,Sweden,SWE,4,88.15,UE Balkans
2023,Finland,FIN,5,87.94,UE Balkans
2023,Netherlands,NLD,6,87,UE Balkans
2023,Lithuania,LTU,7,86.79,UE Balkans
2023,Estonia,EST,8,85.31,UE Balkans
2023,Portugal,PRT,9,84.6,UE Balkans
2023,East Timor,TLS,10,84.49,Asie-Pacifique
2023,Liechtenstein,LIE,11,84.47,UE Balkans
2023,Switzerland,CHE,12,84.4,UE Balkans
2023,New Zealand,NZL,13,84.23,Asie-Pacifique
2023,Czechia,CZE,14,83.58,UE Balkans
2023,Canada,CAN,15,83.53,Amériques
2023,Latvia,LVA,16,83.27,UE Balkans
2023,Slovakia,SVK,17,83.22,UE Balkans
2023,Iceland,ISL,18,83.19,UE Balkans
2023,Samoa,WSM,19,82.15,Asie-Pacifique
2023,Luxembourg,LUX,20,81.98,UE Balkans
2023,Germany,DEU,21,81.91,UE Balkans
2023,Namibia,NAM,22,80.91,Afrique
2023,Costa Rica,CRI,23,80.2,Amériques
2023,France,FRA,24,78.72,UE Balkans
2023,South Africa,ZAF,25,78.6,Afrique
2023,United Kingdom,GBR,26,78.51,UE Balkans
2023,Australia,AUS,27,78.24,Asie-Pacifique
2023,Moldova,MDA,28,77.62,EEAC
2023,Austria,AUT,29,77.3,UE Balkans
2023,Trinidad and Tobago,TTO,30,76.54,Amériques
2023,Belgium,BEL,31,76.47,UE Balkans
2023,Jamaica,JAM,32,75.89,Amériques
2023,Cabo Verde,CPV,33,75.72,Afrique
2023,Seychelles,SYC,34,75.71,Afrique
2023,Taiwan,TWN,35,75.54,Asie-Pacifique
2023,Spain,ESP,36,75.37,UE Balkans
2023,Andorra,AND,37,75.05,UE Balkans
2023,North Macedonia,MKD,38,74.35,UE Balkans
2023,Montenegro,MNE,39,74.28,UE Balkans
2023,Argentina,ARG,40,73.36,Amériques
2023,Italy,ITA,41,72.05,UE Balkans
2023,Croatia,HRV,42,71.95,UE Balkans
2023,Dominican Republic,DOM,43,71.88,Amériques
2023,Tonga,TON,44,71.29,Asie-Pacifique
2023,United States,USA,45,71.22,Amériques
2023,Gambia,GMB,46,71.06,Afrique
2023,South Korea,KOR,47,70.83,Asie-Pacifique
2023,Suriname,SUR,48,70.62,Amériques
2023,Armenia,ARM,49,70.61,EEAC
2023,Slovenia,SVN,50,70.59,UE Balkans
2023,Belize,BLZ,51,70.49,Amériques
2023,Uruguay,URY,52,70.33,Amériques
2023,Romania,ROU,53,69.04,UE Balkans
2023,Côte d'Ivoire,CIV,54,68.83,Afrique
2023,Cyprus,CYP,55,68.62,UE Balkans
2023,Kosovo,XKX,56,68.38,UE Balkans
2023,Poland,POL,57,67.66,UE Balkans
2023,Burkina Faso,BFA,58,67.64,Afrique
2023,Papua New Guinea,PNG,59,67.62,Asie-Pacifique
2023,Guyana,GUY,60,67.5,Amériques
2023,Niger,NER,61,66.84,Afrique
2023,Ghana,GHA,62,65.93,Afrique
2023,Mauritius,MUS,63,65.56,Afrique
2023,Bosnia-Herzegovina,BIH,64,65.43,UE Balkans
2023,Botswana,BWA,65,64.61,Afrique
2023,Liberia,LBR,66,64.34,Afrique
2023,Lesotho,LSO,67,64.29,Afrique
2023,Japan,JPN,68,63.95,Asie-Pacifique
2023,Panama,PAN,69,63.67,Amériques
2023,Togo,TGO,70,63.06,Afrique
2023,Bulgaria,BGR,71,62.98,UE Balkans
2023,Hungary,HUN,72,62.96,UE Balkans
2023,Malaysia,MYS,73,62.83,Asie-Pacifique
2023,Sierra Leone,SLE,74,62.55,Afrique
2023,Comoros,COM,75,62.25,Afrique
2023,Northern Cyprus,CTU,76,61.73,UE Balkans
2023,Georgia,GEO,77,61.69,EEAC
2023,Guinea-Bissau,GNB,78,61.57,Afrique
2023,Ukraine,UKR,79,61.19,EEAC
2023,Ecuador,ECU,80,60.51,Amériques
2023,Congo-Brazzaville,COG,81,60.42,Afrique
2023,Malawi,MWI,82,60.34,Afrique
2023,Chile,CHL,83,60.09,Amériques
2023,Malta,MLT,84,59.76,UE Balkans
2023,Guinea,GIN,85,59.51,Afrique
2023,Mauritania,MRT,86,59.45,Afrique
2023,Zambia,ZMB,87,59.41,Afrique
2023,Mongolia,MNG,88,59.33,Asie-Pacifique
2023,Fiji,FJI,89,59.27,Asie-Pacifique
2023,Bhutan,BTN,90,59.25,Asie-Pacifique
2023,Serbia,SRB,91,59.16,UE Balkans
2023,Brazil,BRA,92,58.67,Amériques
2023,OECS,CSS,93,58.36,Amériques
2023,Gabon,GAB,94,58.12,Afrique
2023,Nepal,NPL,95,57.89,Asie-Pacifique
2023,Albania,ALB,96,57.86,UE Balkans
2023,Israel,ISR,97,57.57,MENA
2023,Central African Republic,CAF,98,57.56,Afrique
2023,Haiti,HTI,99,57.38,Amériques
2023,Maldives,MDV,100,56.93,Asie-Pacifique
2023,Madagascar,MDG,101,56.66,Afrique
2023,Mozambique,MOZ,102,56.13,Afrique
2023,Paraguay,PRY,103,55.96,Amériques
2023,Senegal,SEN,104,55.82,Afrique
2023,Qatar,QAT,105,55.28,MENA
2023,Thailand,THA,106,55.24,Asie-Pacifique
2023,Greece,GRC,107,55.2,UE Balkans
2023,Indonesia,IDN,108,54.83,Asie-Pacifique
2023,Chad,TCD,109,53.73,Afrique
2023,Peru,PER,110,52.74,Amériques
2023,Eswatini,SWZ,111,52.66,Afrique
2023,Benin,BEN,112,52.44,Afrique
2023,Mali,MLI,113,52.29,Afrique
2023,Burundi,BDI,114,52.14,Afrique
2023,El Salvador,SLV,115,51.36,Amériques
2023,Kenya,KEN,116,51.15,Afrique
2023,Bolivia,BOL,117,51.09,Amériques
2023,South Sudan,SSD,118,50.62,Afrique
2023,Lebanon,LBN,119,50.46,MENA
2023,Equatorial Guinea,GNQ,120,50.35,Afrique
2023,Tunisia,TUN,121,50.11,MENA
2023,Kyrgyzstan,KGZ,122,49.91,EEAC
2023,Nigeria,NGA,123,49.56,Afrique
2023,DR Congo,COD,124,48.55,Afrique
2023,Angola,AGO,125,48.3,Afrique
2023,Zimbabwe,ZWE,126,48.17,Afrique
2023,Guatemala,GTM,127,48.12,Amériques
2023,Mexico,MEX,128,47.98,Amériques
2023,Singapore,SGP,129,47.88,Asie-Pacifique
2023,Ethiopia,ETH,130,47.7,Afrique
2023,Rwanda,RWA,131,46.58,Afrique
2023,Philippines,PHL,132,46.21,Asie-Pacifique
2023,Uganda,UGA,133,46.08,Afrique
2023,Kazakhstan,KAZ,134,45.87,EEAC
2023,Sri Lanka,LKA,135,45.85,Asie-Pacifique
2023,Algeria,DZA,136,45.74,MENA
2023,Uzbekistan,UZB,137,45.73,EEAC
2023,Cameroon,CMR,138,45.58,Afrique
2023,Colombia,COL,139,45.23,Amériques
2023,Hong Kong,HKG,140,44.86,Asie-Pacifique
2023,Somalia,SOM,141,44.24,Afrique
2023,Brunei,BRN,142,44.2,Asie-Pacifique
2023,Tanzania,TZA,143,44.02,Afrique
2023,Morocco / Western Sahara ,MAR,144,43.69,MENA
2023,United Arab Emirates,ARE,145,42.99,MENA
2023,Jordan,JOR,146,42.79,MENA
2023,Cambodia,KHM,147,42.02,Asie-Pacifique
2023,Sudan,SDN,148,40.83,Afrique
2023,Libya,LBY,149,40.22,MENA
2023,Pakistan,PAK,150,39.95,Asie-Pacifique
2023,Azerbaijan,AZE,151,39.93,EEAC
2023,Afghanistan,AFG,152,39.75,Asie-Pacifique
2023,Tajikistan,TJK,153,39.06,EEAC
2023,Kuwait,KWT,154,38.84,MENA
2023,Oman,OMN,155,37.87,MENA
2023,Palestine,PSE,156,37.86,MENA
2023,Belarus,BLR,157,37.17,EEAC
2023,Nicaragua,NIC,158,37.09,Amériques
2023,Venezuela,VEN,159,36.99,Amériques
2023,Laos,LAO,160,36.66,Asie-Pacifique
2023,India,IND,161,36.62,Asie-Pacifique
2023,Djibouti,DJI,162,35.87,Afrique
2023,Bangladesh,BGD,163,35.31,Asie-Pacifique
2023,Russia,RUS,164,34.77,EEAC
2023,Türkiye,TUR,165,33.97,EEAC
2023,Egypt,EGY,166,33.37,MENA
2023,Iraq,IRQ,167,32.94,MENA
2023,Yemen,YEM,168,32.78,MENA
2023,Honduras,HND,169,32.65,Amériques
2023,Saudi Arabia,SAU,170,32.43,MENA
2023,Bahrain,BHR,171,30.59,MENA
2023,Cuba,CUB,172,29,Amériques
2023,Myanmar,MMR,173,28.26,Asie-Pacifique
2023,Eritrea,ERI,174,27.86,Afrique
2023,Syria,SYR,175,27.22,MENA
2023,Turkmenistan,TKM,176,25.82,EEAC
2023,Iran,IRN,177,24.81,MENA
2023,Vietnam,VNM,178,24.58,Asie-Pacifique
2023,China,CHN,179,22.97,Asie-Pacifique
2023,North Korea,PRK,180,21.72,Asie-Pacifique
,,,,,
2022,Norway,NOR,1,92.65,UE Balkans
2022,Denmark,DNK,2,90.27,UE Balkans
2022,Sweden,SWE,3,88.84,UE Balkans
2022,Estonia,EST,4,88.83,UE Balkans
2022,Finland,FIN,5,88.42,UE Balkans
2022,Ireland,IRL,6,88.3,UE Balkans
2022,Portugal,PRT,7,87.07,UE Balkans
2022,Costa Rica,CRI,8,85.92,Amériques
2022,Lithuania,LTU,9,84.14,UE Balkans
2022,Liechtenstein,LIE,10,84.03,UE Balkans
2022,New Zealand,NZL,11,83.54,Asie-Pacifique
2022,Jamaica,JAM,12,83.35,Amériques
2022,Seychelles,SYC,13,83.33,Afrique
2022,Switzerland,CHE,14,82.72,UE Balkans
2022,Iceland,ISL,15,82.69,UE Balkans
2022,Germany,DEU,16,82.04,UE Balkans
2022,East Timor,TLS,17,81.89,Asie-Pacifique
2022,Namibia,NAM,18,81.84,Afrique
2022,Canada,CAN,19,81.74,Amériques
2022,Czech Republic,CZE,20,80.54,UE Balkans
2022,Luxembourg,LUX,21,79.81,UE Balkans
2022,Latvia,LVA,22,79.17,UE Balkans
2022,Belgium,BEL,23,78.86,UE Balkans
2022,United Kingdom,GBR,24,78.71,UE Balkans
2022,Trinidad and Tobago,TTO,25,78.68,Amériques
2022,France,FRA,26,78.53,UE Balkans
2022,Slovakia,SVK,27,78.37,UE Balkans
2022,Netherlands,NLD,28,77.93,UE Balkans
2022,Argentina,ARG,29,77.28,Amériques
2022,Dominican Republic,DOM,30,76.9,Amériques
2022,Austria,AUT,31,76.74,UE Balkans
2022,Spain,ESP,32,76.71,UE Balkans
2022,Bhutan,BTN,33,76.46,Asie-Pacifique
2022,Guyana,GUY,34,76.41,Amériques
2022,South Africa,ZAF,35,75.56,Afrique
2022,Cape Verde,CPV,36,75.37,Afrique
2022,Ivory Coast,CIV,37,74.46,Afrique
2022,Taiwan,TWN,38,74.08,Asie-Pacifique
2022,Australia,AUS,39,73.77,Asie-Pacifique
2022,Moldova,MDA,40,73.47,EEAC
2022,Burkina Faso,BFA,41,73.12,Afrique
2022,United States,USA,42,72.74,Amériques
2022,South Korea,KOR,43,72.11,Asie-Pacifique
2022,Uruguay,URY,44,72.03,Amériques
2022,Samoa,WSM,45,71.39,Asie-Pacifique
2022,Sierra Leone,SLE,46,71.03,Afrique
2022,Belize,BLZ,47,70.67,Amériques
2022,Croatia,HRV,48,70.42,UE Balkans
2022,Tonga,TON,49,69.74,Asie-Pacifique
2022,Gambia,GMB,50,69.25,Afrique
2022,Armenia,ARM,51,68.97,EEAC
2022,Suriname,SUR,52,68.95,Amériques
2022,Andorra,AND,53,68.79,UE Balkans
2022,Slovenia,SVN,54,68.54,UE Balkans
2022,OECS,XCD,55,68.49,#N/A
2022,Romania,ROU,56,68.46,UE Balkans
2022,North Macedonia,MKD,57,68.44,UE Balkans
2022,Italy,ITA,58,68.16,UE Balkans
2022,Niger,NER,59,67.8,Afrique
2022,Ghana,GHA,60,67.43,Afrique
2022,Kosovo,XKO,61,67,#N/A
2022,Papua New Guinea,PNG,62,66.66,Asie-Pacifique
2022,Montenegro,MNE,63,66.54,UE Balkans
2022,Mauritius,MUS,64,66.07,Afrique
2022,Cyprus,CYP,65,65.97,UE Balkans
2022,Poland,POL,66,65.64,UE Balkans
2022,Bosnia and Herzegovina,BIH,67,65.64,UE Balkans
2022,Ecuador,ECU,68,64.61,Amériques
2022,Kenya,KEN,69,64.59,Afrique
2022,Haiti,HTI,70,64.55,Amériques
2022,Japan,JPN,71,64.37,Asie-Pacifique
2022,Kyrgyzstan,KGZ,72,64.25,EEAC
2022,Senegal,SEN,73,63.07,Afrique
2022,Panama,PAN,74,62.78,Amériques
2022,Liberia,LBR,75,62.77,Afrique
2022,Nepal,NPL,76,62.67,Asie-Pacifique
2022,Peru,PER,77,61.75,Amériques
2022,Malta,MLT,78,61.55,UE Balkans
2022,Serbia,SRB,79,61.51,UE Balkans
2022,Malawi,MWI,80,61.4,Afrique
2022,Cyprus North,CTU,81,61.08,UE Balkans
2022,Chile,CHL,82,60.61,Amériques
2022,Comoros,COM,83,60.16,Afrique
2022,Guinea,GIN,84,59.82,Afrique
2022,Hungary,HUN,85,59.8,UE Balkans
2022,Israel,ISR,86,59.62,MENA
2022,Maldives,MDV,87,59.55,Asie-Pacifique
2022,Lesotho,LSO,88,59.39,Afrique
2022,Georgia,GEO,89,59.3,EEAC
2022,Mongolia,MNG,90,59.17,Asie-Pacifique
2022,Bulgaria,BGR,91,59.12,UE Balkans
2022,Guinea-Bissau,GNB,92,58.79,Afrique
2022,Congo,COG,93,58.64,Afrique
2022,Tunisia,TUN,94,58.49,MENA
2022,Botswana,BWA,95,58.49,Afrique
2022,Paraguay,PRY,96,58.36,Amériques
2022,Mauritania,MRT,97,58.1,Afrique
2022,Madagascar,MDG,98,58.02,Afrique
2022,Angola,AGO,99,57.17,Afrique
2022,Togo,TGO,100,57.17,Afrique
2022,Central African Republic,CAF,101,56.96,Afrique
2022,Fiji,FJI,102,56.91,Asie-Pacifique
2022,Albania,ALB,103,56.41,UE Balkans
2022,Chad,TCD,104,56.18,Afrique
2022,Gabon,GAB,105,56,Afrique
2022,Ukraine,UKR,106,55.76,EEAC
2022,Burundi,BDI,107,55.74,Afrique
2022,Greece,GRC,108,55.52,UE Balkans
2022,Zambia,ZMB,109,55.4,Afrique
2022,Brazil,BRA,110,55.36,Amériques
2022,Mali,MLI,111,54.48,Afrique
2022,El Salvador,SLV,112,54.09,Amériques
2022,Malaysia,MYS,113,51.55,Asie-Pacifique
2022,Ethiopia,ETH,114,50.53,Afrique
2022,Thailand,THA,115,50.15,Asie-Pacifique
2022,Mozambique,MOZ,116,49.89,Afrique
2022,Indonesia,IDN,117,49.27,Asie-Pacifique
2022,Cameroon,CMR,118,49.1,Afrique
2022,Qatar,QAT,119,49.03,MENA
2022,Jordan,JOR,120,48.66,MENA
2022,Benin,BEN,121,48.39,Afrique
2022,Kazakhstan,KAZ,122,48.28,EEAC
2022,Tanzania,TZA,123,48.28,Afrique
2022,Guatemala,GTM,124,47.94,Amériques
2022,The Democratic Republic Of The Congo,COD,125,47.66,Afrique
2022,Bolivia,BOL,126,47.58,Amériques
2022,Mexico,MEX,127,47.57,Amériques
2022,South Sudan,SSD,128,47.06,Afrique
2022,Nigeria,NGA,129,46.79,Afrique
2022,Lebanon,LBN,130,46.58,MENA
2022,Eswatini,SWZ,131,46.42,Afrique
2022,Uganda,UGA,132,46.35,Afrique
2022,Uzbekistan,UZB,133,45.74,EEAC
2022,Algeria,DZA,134,45.53,MENA
2022,Morocco,MAR,135,45.42,MENA
2022,Rwanda,RWA,136,45.18,Afrique
2022,Zimbabwe,ZWE,137,44.94,Afrique
2022,United Arab Emirates,ARE,138,44.46,MENA
2022,Singapore,SGP,139,44.23,Asie-Pacifique
2022,Somalia,SOM,140,44.01,Afrique
2022,Equatorial Guinea,GNQ,141,43.96,Afrique
2022,Cambodia,KHM,142,43.48,Asie-Pacifique
2022,Libya,LBY,143,43.16,MENA
2022,Brunei Darussalam,BRN,144,42.53,Asie-Pacifique
2022,Colombia,COL,145,42.43,Amériques
2022,Sri Lanka,LKA,146,42.13,Asie-Pacifique
2022,Philippines,PHL,147,41.84,Asie-Pacifique
2022,Hong Kong,HKG,148,41.64,Asie-Pacifique
2022,Turkey,TUR,149,41.25,EEAC
2022,India,IND,150,41,Asie-Pacifique
2022,Sudan,SDN,151,40.96,Afrique
2022,Tajikistan,TJK,152,40.26,EEAC
2022,Belarus,BLR,153,39.62,EEAC
2022,Azerbaijan,AZE,154,39.4,EEAC
2022,Russian Federation,RUS,155,38.82,EEAC
2022,Afghanistan,AFG,156,38.27,Asie-Pacifique
2022,Pakistan,PAK,157,37.99,Asie-Pacifique
2022,Kuwait,KWT,158,37.87,MENA
2022,Venezuela,VEN,159,37.78,Amériques
2022,Nicaragua,NIC,160,37.09,Amériques
2022,Lao People's Democratic Republic,LAO,161,36.64,Asie-Pacifique
2022,Bangladesh,BGD,162,36.63,Asie-Pacifique
2022,Oman,OMN,163,35.99,MENA
2022,Djibouti,DJI,164,35.75,Afrique
2022,Honduras,HND,165,34.61,Amériques
2022,Saudi Arabia,SAU,166,33.71,MENA
2022,Bahrain,BHR,167,30.97,MENA
2022,Egypt,EGY,168,30.23,MENA
2022,Yemen,YEM,169,29.14,MENA
2022,Palestine,PSE,170,28.98,MENA
2022,Syrian Arab Republic,SYR,171,28.94,MENA
2022,Iraq,IRQ,172,28.59,MENA
2022,Cuba,CUB,173,27.32,Amériques
2022,Vietnam,VNM,174,26.11,Asie-Pacifique
2022,China,CHN,175,25.17,Asie-Pacifique
2022,Myanmar,MMR,176,25.03,Asie-Pacifique
2022,Turkmenistan,TKM,177,25.01,EEAC
2022,Islamic Republic of Iran,IRN,178,23.22,MENA
2022,Eritrea,ERI,179,19.62,Afrique
2022,Democratic People's Republic of Korea,PRK,180,13.92,Asie-Pacifique
,,,,,
2021,Norway,NOR,1,93.28,UE Balkans
2021,Finland,FIN,2,93.01,UE Balkans
2021,Sweden,SWE,3,92.76,UE Balkans
2021,Denmark,DNK,4,91.43,UE Balkans
2021,Costa Rica,CRI,5,91.24,Amériques
2021,Netherlands,NLD,6,90.33,UE Balkans
2021,Jamaica,JAM,7,90.04,Amériques
2021,New Zealand,NZL,8,89.96,Asie-Pacifique
2021,Portugal,PRT,9,89.89,UE Balkans
2021,Switzerland,CHE,10,89.45,UE Balkans
2021,Belgium,BEL,11,88.31,UE Balkans
2021,Ireland,IRL,12,88.09,UE Balkans
2021,Germany,DEU,13,84.76,UE Balkans
2021,Canada,CAN,14,84.75,Amériques
2021,Estonia,EST,15,84.75,UE Balkans
2021,Iceland,ISL,16,84.63,UE Balkans
2021,Austria,AUT,17,83.66,UE Balkans
2021,Uruguay,URY,18,83.62,Amériques
2021,Suriname,SUR,19,83.05,Amériques
2021,Luxembourg,LUX,20,82.44,UE Balkans
2021,Samoa,WSM,21,80.76,Asie-Pacifique
2021,Latvia,LVA,22,80.74,UE Balkans
2021,Liechtenstein,LIE,23,80.51,UE Balkans
2021,Namibia,NAM,24,80.28,Afrique
2021,Australia,AUS,25,80.21,Asie-Pacifique
2021,Cyprus,CYP,26,80.15,UE Balkans
2021,Cape Verde,CPV,27,79.91,Afrique
2021,Lithuania,LTU,28,79.85,UE Balkans
2021,Spain,ESP,29,79.56,UE Balkans
2021,Ghana,GHA,30,78.67,Afrique
2021,Trinidad and Tobago,TTO,31,78.45,Amériques
2021,United Kingdom,GBR,33,78.41,UE Balkans
2021,South Africa,ZAF,32,78.41,Afrique
2021,France,FRA,34,77.4,UE Balkans
2021,Slovakia,SVK,35,76.98,UE Balkans
2021,Slovenia,SVN,36,76.9,UE Balkans
2021,Burkina Faso,BFA,37,76.83,Afrique
2021,Botswana,BWA,38,76.75,Afrique
2021,Andorra,AND,39,76.68,UE Balkans
2021,Czech Republic,CZE,40,76.62,UE Balkans
2021,Italy,ITA,41,76.61,UE Balkans
2021,South Korea,KOR,42,76.57,Asie-Pacifique
2021,Taiwan,TWN,43,76.14,Asie-Pacifique
2021,United States,USA,44,76.07,Amériques
2021,OECS,XCD,45,76.02,Amériques
2021,Tonga,TON,46,75.41,Asie-Pacifique
2021,Papua New Guinea,PNG,47,75.12,Asie-Pacifique
2021,Romania,ROU,48,75.09,UE Balkans
2021,Senegal,SEN,49,74.78,Afrique
2021,Dominican Republic,DOM,50,74.4,Amériques
2021,Guyana,GUY,51,74.39,Amériques
2021,Seychelles,SYC,52,74.34,Afrique
2021,Belize,BLZ,53,72.39,Amériques
2021,Chile,CHL,54,72.11,Amériques
2021,Fiji,FJI,55,72.08,Asie-Pacifique
2021,Croatia,HRV,56,72.05,UE Balkans
2021,Madagascar,MDG,57,71.76,Afrique
2021,Bosnia and Herzegovina,BIH,58,71.66,UE Balkans
2021,Niger,NER,59,71.56,Afrique
2021,Georgia,GEO,60,71.36,EEAC
2021,Mauritius,MUS,61,71.26,Afrique
2021,Malawi,MWI,62,71.2,Afrique
2021,Armenia,ARM,63,71.17,EEAC
2021,Poland,POL,64,71.16,UE Balkans
2021,Bhutan,BTN,65,71.14,Asie-Pacifique
2021,Ivory Coast,CIV,66,71.13,Afrique
2021,Japan,JPN,67,71.12,Asie-Pacifique
2021,Mongolia,MNG,68,71.03,Asie-Pacifique
2021,Argentina,ARG,69,71.01,Amériques
2021,Greece,GRC,70,70.99,UE Balkans
2021,East Timor,TLS,71,70.89,Asie-Pacifique
2021,Maldives,MDV,72,70.87,Asie-Pacifique
2021,Tunisia,TUN,73,70.47,MENA
2021,Togo,TGO,74,70.41,Afrique
2021,Sierra Leone,SLE,75,70.39,Afrique
2021,Cyprus North,CTU,76,70.18,UE Balkans
2021,Panama,PAN,77,70.06,Amériques
2021,Kosovo,XKO,78,69.68,UE Balkans
2021,Kyrgyzstan,KGZ,79,69.63,EEAC
2021,Hong Kong,HKG,80,69.56,Asie-Pacifique
2021,Malta,MLT,81,69.54,UE Balkans
2021,El Salvador,SLV,82,69.51,Amériques
2021,Albania,ALB,83,69.41,UE Balkans
2021,Comoros,COM,84,69.35,Afrique
2021,Gambia,GMB,85,69.24,Afrique
2021,Israel,ISR,86,69.1,MENA
2021,Haiti,HTI,87,68.88,Amériques
2021,Lesotho,LSO,88,68.39,Afrique
2021,Moldova,MDA,89,68.39,EEAC
2021,North Macedonia,MKD,90,68.33,UE Balkans
2021,Peru,PER,91,68.29,Amériques
2021,Hungary,HUN,92,68.24,UE Balkans
2021,Serbia,SRB,93,67.97,UE Balkans
2021,Mauritania,MRT,94,67.75,Afrique
2021,Guinea-Bissau,GNB,95,67.32,Afrique
2021,Ecuador,ECU,96,67.17,Amériques
2021,Ukraine,UKR,97,67.04,EEAC
2021,Liberia,LBR,98,66.64,Afrique
2021,Mali,MLI,99,66.5,Afrique
2021,Paraguay,PRY,100,66.48,Amériques
2021,Ethiopia,ETH,101,66.37,Afrique
2021,Kenya,KEN,102,66.35,Afrique
2021,Angola,AGO,103,65.94,Afrique
2021,Montenegro,MNE,104,65.67,UE Balkans
2021,Kuwait,KWT,105,65.64,MENA
2021,Nepal,NPL,106,65.38,Asie-Pacifique
2021,Lebanon,LBN,107,65.07,MENA
2021,Mozambique,MOZ,108,64.61,Afrique
2021,Guinea,GIN,109,64.58,Afrique
2021,Bolivia,BOL,110,64.53,Amériques
2021,Brazil,BRA,111,63.75,Amériques
2021,Bulgaria,BGR,112,62.71,UE Balkans
2021,Indonesia,IDN,113,62.6,Asie-Pacifique
2021,Benin,BEN,114,61.82,Afrique
2021,Zambia,ZMB,115,61.79,Afrique
2021,Guatemala,GTM,116,61.55,Amériques
2021,Gabon,GAB,117,61.4,Afrique
2021,Congo,COG,118,61.17,Afrique
2021,Malaysia,MYS,119,60.53,Asie-Pacifique
2021,Nigeria,NGA,120,60.31,Afrique
2021,Nicaragua,NIC,121,60.02,Amériques
2021,Afghanistan,AFG,122,59.81,Asie-Pacifique
2021,Chad,TCD,123,59.8,Afrique
2021,Tanzania,TZA,124,59.31,Afrique
2021,Uganda,UGA,125,58.81,Afrique
2021,Central African Republic,CAF,126,58.08,Afrique
2021,Sri Lanka,LKA,127,57.8,Asie-Pacifique
2021,Qatar,QAT,128,57.4,MENA
2021,Jordan,JOR,129,57.11,MENA
2021,Zimbabwe,ZWE,130,56.88,Afrique
2021,United Arab Emirates,ARE,131,56.87,MENA
2021,Palestine,PSE,132,56.82,MENA
2021,Oman,OMN,133,56.63,MENA
2021,Colombia,COL,134,56.26,Amériques
2021,Cameroon,CMR,135,56.22,Afrique
2021,Morocco,MAR,136,56.06,MENA
2021,Thailand,THA,137,54.78,Asie-Pacifique
2021,Philippines,PHL,138,54.36,Asie-Pacifique
2021,South Sudan,SSD,139,54.22,Afrique
2021,Myanmar,MMR,140,53.86,Asie-Pacifique
2021,Eswatini,SWZ,141,53.66,Afrique
2021,India,IND,142,53.44,Asie-Pacifique
2021,Mexico,MEX,143,53.29,Amériques
2021,Cambodia,KHM,144,53.16,Asie-Pacifique
2021,Pakistan,PAK,145,53.14,Asie-Pacifique
2021,Algeria,DZA,146,52.74,MENA
2021,Burundi,BDI,147,52.43,Afrique
2021,Venezuela,VEN,148,52.4,Amériques
2021,The Democratic Republic Of The Congo,COD,149,51.41,Afrique
2021,Russian Federation,RUS,150,51.29,EEAC
2021,Honduras,HND,151,50.65,Amériques
2021,Bangladesh,BGD,152,50.29,Asie-Pacifique
2021,Turkey,TUR,153,50.21,EEAC
2021,Brunei Darussalam,BRN,154,50.09,Asie-Pacifique
2021,Kazakhstan,KAZ,155,49.72,EEAC
2021,Rwanda,RWA,156,49.34,Afrique
2021,Uzbekistan,UZB,157,49.26,EEAC
2021,Belarus,BLR,158,49.18,EEAC
2021,Sudan,SDN,159,47.07,Afrique
2021,Singapore,SGP,160,44.8,Asie-Pacifique
2021,Somalia,SOM,161,44.53,Afrique
2021,Tajikistan,TJK,162,44.48,EEAC
2021,Iraq,IRQ,163,44.43,MENA
2021,Equatorial Guinea,GNQ,164,44.33,Afrique
2021,Libya,LBY,165,44.27,MENA
2021,Egypt,EGY,166,43.83,MENA
2021,Azerbaijan,AZE,167,41.23,EEAC
2021,Bahrain,BHR,168,38.9,MENA
2021,Yemen,YEM,169,37.65,MENA
2021,Saudi Arabia,SAU,170,37.27,MENA
2021,Cuba,CUB,171,36.06,Amériques
2021,Lao People's Democratic Republic,LAO,172,29.44,Asie-Pacifique
2021,Syrian Arab Republic,SYR,173,29.37,MENA
2021,Islamic Republic of Iran,IRN,174,27.3,MENA
2021,Vietnam,VNM,175,21.54,Asie-Pacifique
2021,Djibouti,DJI,176,21.38,Afrique
2021,China,CHN,177,21.28,Asie-Pacifique
2021,Turkmenistan,TKM,178,19.97,EEAC
2021,Democratic People's Republic of Korea,PRK,179,18.72,Asie-Pacifique
2021,Eritrea,ERI,180,18.55,Afrique
,,,,,
2020,Norway,NOR,1,92.16,UE Balkans
2020,Finland,FIN,2,92.07,UE Balkans
2020,Denmark,DNK,3,91.87,UE Balkans
2020,Sweden,SWE,4,90.75,UE Balkans
2020,Netherlands,NLD,5,90.04,UE Balkans
2020,Jamaica,JAM,6,89.49,Amériques
2020,Costa Rica,CRI,7,89.47,Amériques
2020,Switzerland,CHE,8,89.38,UE Balkans
2020,New Zealand,NZL,9,89.31,Asie-Pacifique
2020,Portugal,PRT,10,88.17,UE Balkans
2020,Germany,DEU,11,87.84,UE Balkans
2020,Belgium,BEL,12,87.43,UE Balkans
2020,Ireland,IRL,13,87.4,UE Balkans
2020,Estonia,EST,14,87.39,UE Balkans
2020,Iceland,ISL,15,84.88,UE Balkans
2020,Canada,CAN,16,84.71,Amériques
2020,Luxembourg,LUX,17,84.54,UE Balkans
2020,Austria,AUT,18,84.22,UE Balkans
2020,Uruguay,URY,19,84.21,Amériques
2020,Suriname,SUR,20,82.5,Amériques
2020,Samoa,WSM,21,81.75,Asie-Pacifique
2020,Latvia,LVA,22,81.44,UE Balkans
2020,Namibia,NAM,23,80.75,Afrique
2020,Liechtenstein,LIE,24,80.48,UE Balkans
2020,Cape Verde,CPV,25,79.85,Afrique
2020,Australia,AUS,26,79.79,Asie-Pacifique
2020,Cyprus,CYP,27,79.55,UE Balkans
2020,Lithuania,LTU,28,78.81,UE Balkans
2020,Spain,ESP,29,77.84,UE Balkans
2020,Ghana,GHA,30,77.74,Afrique
2020,South Africa,ZAF,31,77.59,Afrique
2020,Slovenia,SVN,32,77.36,UE Balkans
2020,Slovakia,SVK,33,77.33,UE Balkans
2020,France,FRA,34,77.08,UE Balkans
2020,United Kingdom,GBR,35,77.07,UE Balkans
2020,Trinidad and Tobago,TTO,36,76.78,Amériques
2020,Andorra,AND,37,76.77,UE Balkans
2020,Burkina Faso,BFA,38,76.53,Afrique
2020,Botswana,BWA,39,76.44,Afrique
2020,Czech Republic,CZE,40,76.43,UE Balkans
2020,Italy,ITA,41,76.31,UE Balkans
2020,South Korea,KOR,42,76.3,Asie-Pacifique
2020,Taiwan,TWN,43,76.24,Asie-Pacifique
2020,OECS,XCD,44,76.22,Amériques
2020,United States,USA,45,76.15,Amériques
2020,Papua New Guinea,PNG,46,76.07,Asie-Pacifique
2020,Senegal,SEN,47,76.01,Afrique
2020,Romania,ROU,48,74.09,UE Balkans
2020,Guyana,GUY,49,73.37,Amériques
2020,Tonga,TON,50,72.73,Asie-Pacifique
2020,Chile,CHL,51,72.69,Amériques
2020,Fiji,FJI,52,72.59,Asie-Pacifique
2020,Belize,BLZ,53,72.5,Amériques
2020,Madagascar,MDG,54,72.32,Afrique
2020,Dominican Republic,DOM,55,72.1,Amériques
2020,Mauritius,MUS,56,72,Afrique
2020,Niger,NER,57,71.75,Afrique
2020,Bosnia and Herzegovina,BIH,58,71.49,UE Balkans
2020,Croatia,HRV,59,71.49,UE Balkans
2020,Georgia,GEO,60,71.41,EEAC
2020,Armenia,ARM,61,71.4,EEAC
2020,Poland,POL,62,71.35,UE Balkans
2020,Seychelles,SYC,63,71.34,Afrique
2020,Argentina,ARG,64,71.22,Amériques
2020,Greece,GRC,65,71.2,UE Balkans
2020,Japan,JPN,66,71.14,Asie-Pacifique
2020,Bhutan,BTN,67,71.1,Asie-Pacifique
2020,Ivory Coast,CIV,68,71.06,Afrique
2020,Malawi,MWI,69,70.68,Afrique
2020,Kosovo,XKO,70,70.67,UE Balkans
2020,Togo,TGO,71,70.67,Afrique
2020,Tunisia,TUN,72,70.55,MENA
2020,Mongolia,MNG,73,70.39,Asie-Pacifique
2020,El Salvador,SLV,74,70.3,Amériques
2020,Comoros,COM,75,70.23,Afrique
2020,Panama,PAN,76,70.22,Amériques
2020,Cyprus North,CTU,77,70.21,UE Balkans
2020,East Timor,TLS,78,70.1,Asie-Pacifique
2020,Maldives,MDV,79,70.07,Asie-Pacifique
2020,Hong Kong,HKG,80,69.99,Asie-Pacifique
2020,Malta,MLT,81,69.84,UE Balkans
2020,Kyrgyzstan,KGZ,82,69.81,EEAC
2020,Haiti,HTI,83,69.8,Amériques
2020,Albania,ALB,84,69.75,UE Balkans
2020,Sierra Leone,SLE,85,69.72,Afrique
2020,Lesotho,LSO,86,69.55,Afrique
2020,Gambia,GMB,87,69.38,Afrique
2020,Hungary,HUN,89,69.16,UE Balkans
2020,Israel,ISR,88,69.16,MENA
2020,Peru,PER,90,69.06,Amériques
2020,Moldova,MDA,91,68.84,EEAC
2020,North Macedonia,MKD,92,68.72,UE Balkans
2020,Serbia,SRB,93,68.38,UE Balkans
2020,Guinea-Bissau,GNB,94,67.94,Afrique
2020,Liberia,LBR,95,67.75,Afrique
2020,Ukraine,UKR,96,67.48,EEAC
2020,Mauritania,MRT,97,67.46,Afrique
2020,Ecuador,ECU,98,67.38,Amériques
2020,Ethiopia,ETH,99,67.18,Afrique
2020,Paraguay,PRY,100,67.03,Amériques
2020,Malaysia,MYS,101,66.88,Asie-Pacifique
2020,Lebanon,LBN,102,66.81,MENA
2020,Kenya,KEN,103,66.28,Afrique
2020,Mozambique,MOZ,104,66.21,Afrique
2020,Montenegro,MNE,105,66.17,UE Balkans
2020,Angola,AGO,106,66.08,Afrique
2020,Brazil,BRA,107,65.95,Amériques
2020,Mali,MLI,108,65.88,Afrique
2020,Kuwait,KWT,109,65.7,MENA
2020,Guinea,GIN,110,65.66,Afrique
2020,Bulgaria,BGR,111,64.94,UE Balkans
2020,Nepal,NPL,112,64.9,Asie-Pacifique
2020,Benin,BEN,113,64.89,Afrique
2020,Bolivia,BOL,114,64.63,Amériques
2020,Nigeria,NGA,115,64.37,Afrique
2020,Guatemala,GTM,116,64.26,Amériques
2020,Nicaragua,NIC,117,64.19,Amériques
2020,Congo,COG,118,63.44,Afrique
2020,Indonesia,IDN,119,63.18,Asie-Pacifique
2020,Zambia,ZMB,120,63,Afrique
2020,Gabon,GAB,121,62.8,Afrique
2020,Afghanistan,AFG,122,62.3,Asie-Pacifique
2020,Chad,TCD,123,60.3,Afrique
2020,Tanzania,TZA,124,59.75,Afrique
2020,Uganda,UGA,125,59.05,Afrique
2020,Zimbabwe,ZWE,126,59.05,Afrique
2020,Sri Lanka,LKA,127,58.06,Asie-Pacifique
2020,Jordan,JOR,128,57.92,MENA
2020,Qatar,QAT,129,57.49,MENA
2020,Colombia,COL,130,57.34,Amériques
2020,United Arab Emirates,ARE,131,57.31,MENA
2020,Central African Republic,CAF,132,57.13,Afrique
2020,Morocco,MAR,133,57.12,MENA
2020,Cameroon,CMR,134,56.72,Afrique
2020,Oman,OMN,135,56.58,MENA
2020,Philippines,PHL,136,56.46,Asie-Pacifique
2020,Palestine,PSE,137,55.91,MENA
2020,South Sudan,SSD,138,55.51,Afrique
2020,Myanmar,MMR,139,55.23,Asie-Pacifique
2020,Thailand,THA,140,55.06,Asie-Pacifique
2020,Eswatini,SWZ,141,54.85,Afrique
2020,India,IND,142,54.67,Asie-Pacifique
2020,Mexico,MEX,143,54.55,Amériques
2020,Cambodia,KHM,144,54.54,Asie-Pacifique
2020,Algeria,DZA,146,54.48,MENA
2020,Pakistan,PAK,145,54.48,Asie-Pacifique
2020,Venezuela,VEN,147,54.34,Amériques
2020,Honduras,HND,148,51.8,Amériques
2020,Russian Federation,RUS,149,51.08,EEAC
2020,The Democratic Republic Of The Congo,COD,150,50.91,Afrique
2020,Bangladesh,BGD,151,50.63,Asie-Pacifique
2020,Brunei Darussalam,BRN,152,50.35,Asie-Pacifique
2020,Belarus,BLR,153,50.25,EEAC
2020,Turkey,TUR,154,49.98,EEAC
2020,Rwanda,RWA,155,49.66,Afrique
2020,Uzbekistan,UZB,156,46.93,EEAC
2020,Kazakhstan,KAZ,157,45.89,EEAC
2020,Singapore,SGP,158,44.77,Asie-Pacifique
2020,Burundi,BDI,160,44.67,Afrique
2020,Sudan,SDN,159,44.67,Afrique
2020,Tajikistan,TJK,161,44.66,EEAC
2020,Iraq,IRQ,162,44.63,MENA
2020,Somalia,SOM,163,44.55,Afrique
2020,Libya,LBY,164,44.23,MENA
2020,Equatorial Guinea,GNQ,165,43.62,Afrique
2020,Egypt,EGY,166,43.18,MENA
2020,Yemen,YEM,167,41.75,MENA
2020,Azerbaijan,AZE,168,41.52,EEAC
2020,Bahrain,BHR,169,39.87,MENA
2020,Saudi Arabia,SAU,170,37.86,MENA
2020,Cuba,CUB,171,36.19,Amériques
2020,Lao People's Democratic Republic,LAO,172,35.72,Asie-Pacifique
2020,Islamic Republic of Iran,IRN,173,35.19,MENA
2020,Syrian Arab Republic,SYR,174,27.43,MENA
2020,Vietnam,VNM,175,25.29,Asie-Pacifique
2020,Djibouti,DJI,176,23.27,Afrique
2020,China,CHN,177,21.52,Asie-Pacifique
2020,Eritrea,ERI,178,16.5,Afrique
2020,Turkmenistan,TKM,179,14.56,EEAC
2020,Democratic People's Republic of Korea,PRK,180,14.18,Asie-Pacifique
,,,,,
2019,Norway,NOR,1,92.18,UE Balkans
2019,Finland,FIN,2,92.1,UE Balkans
2019,Sweden,SWE,3,91.69,UE Balkans
2019,Netherlands,NLD,4,91.37,UE Balkans
2019,Denmark,DNK,5,90.13,UE Balkans
2019,Switzerland,CHE,6,89.48,UE Balkans
2019,New Zealand,NZL,7,89.25,Asie-Pacifique
2019,Jamaica,JAM,8,88.87,Amériques
2019,Belgium,BEL,9,87.93,UE Balkans
2019,Costa Rica,CRI,10,87.76,Amériques
2019,Estonia,EST,11,87.73,UE Balkans
2019,Portugal,PRT,12,87.37,UE Balkans
2019,Germany,DEU,13,85.4,UE Balkans
2019,Iceland,ISL,14,85.29,UE Balkans
2019,Ireland,IRL,15,85,UE Balkans
2019,Austria,AUT,16,84.67,UE Balkans
2019,Luxembourg,LUX,17,84.34,UE Balkans
2019,Canada,CAN,18,84.31,Amériques
2019,Uruguay,URY,19,83.94,Amériques
2019,Suriname,SUR,20,83.62,Amériques
2019,Australia,AUS,21,83.45,Asie-Pacifique
2019,Samoa,WSM,22,81.75,Asie-Pacifique
2019,Namibia,NAM,23,81.05,Afrique
2019,Latvia,LVA,24,80.47,UE Balkans
2019,Cape Verde,CPV,25,80.19,Afrique
2019,Liechtenstein,LIE,26,79.51,UE Balkans
2019,Ghana,GHA,27,79.19,Afrique
2019,Cyprus,CYP,28,78.26,UE Balkans
2019,Spain,ESP,29,78.01,UE Balkans
2019,Lithuania,LTU,30,77.94,UE Balkans
2019,South Africa,ZAF,31,77.81,Afrique
2019,France,FRA,32,77.79,UE Balkans
2019,United Kingdom,GBR,33,77.77,UE Balkans
2019,Slovenia,SVN,34,77.69,UE Balkans
2019,Slovakia,SVK,35,76.42,UE Balkans
2019,Burkina Faso,BFA,36,75.47,Afrique
2019,Andorra,AND,37,75.37,UE Balkans
2019,Papua New Guinea,PNG,38,75.3,Asie-Pacifique
2019,Trinidad and Tobago,TTO,39,75.26,Amériques
2019,Czech Republic,CZE,40,75.11,UE Balkans
2019,South Korea,KOR,41,75.06,Asie-Pacifique
2019,Taiwan,TWN,42,75.02,Asie-Pacifique
2019,Italy,ITA,43,75.02,UE Balkans
2019,Botswana,BWA,44,74.91,Afrique
2019,Tonga,TON,45,74.59,Asie-Pacifique
2019,Chile,CHL,46,74.35,Amériques
2019,Romania,ROU,47,74.33,UE Balkans
2019,United States,USA,48,74.31,Amériques
2019,Senegal,SEN,49,74.19,Afrique
2019,OECS,XCD,50,73.96,Amériques
2019,Guyana,GUY,51,73.37,Amériques
2019,Fiji,FJI,52,72.82,Asie-Pacifique
2019,Belize,BLZ,53,72.5,Amériques
2019,Madagascar,MDG,54,72.24,Afrique
2019,Dominican Republic,DOM,55,72.1,Amériques
2019,Comoros,COM,56,72.09,Afrique
2019,Argentina,ARG,57,71.7,Amériques
2019,Mauritius,MUS,58,71.54,Afrique
2019,Poland,POL,59,71.11,UE Balkans
2019,Georgia,GEO,60,71.02,EEAC
2019,Armenia,ARM,61,71.02,EEAC
2019,Haiti,HTI,62,71,Amériques
2019,Bosnia and Herzegovina,BIH,63,70.98,UE Balkans
2019,Croatia,HRV,64,70.97,UE Balkans
2019,Greece,GRC,65,70.92,UE Balkans
2019,Niger,NER,66,70.74,Afrique
2019,Japan,JPN,67,70.64,Asie-Pacifique
2019,Malawi,MWI,68,70.64,Afrique
2019,Seychelles,SYC,69,70.59,Afrique
2019,Mongolia,MNG,70,70.49,Asie-Pacifique
2019,Ivory Coast,CIV,71,70.48,Afrique
2019,Tunisia,TUN,72,70.39,MENA
2019,Hong Kong,HKG,73,70.35,Asie-Pacifique
2019,Cyprus North,CTU,74,70.33,UE Balkans
2019,Kosovo,XKO,75,70.32,UE Balkans
2019,Togo,TGO,76,70.31,Afrique
2019,Malta,MLT,77,70.26,UE Balkans
2019,Lesotho,LSO,78,70.26,Afrique
2019,Panama,PAN,79,70.22,Amériques
2019,Bhutan,BTN,80,70.19,Asie-Pacifique
2019,El Salvador,SLV,81,70.19,Amériques
2019,Albania,ALB,82,70.16,UE Balkans
2019,Kyrgyzstan,KGZ,83,70.08,EEAC
2019,East Timor,TLS,84,70.07,Asie-Pacifique
2019,Peru,PER,85,69.78,Amériques
2019,Sierra Leone,SLE,86,69.64,Afrique
2019,Hungary,HUN,87,69.56,UE Balkans
2019,Israel,ISR,88,69.2,MENA
2019,Guinea-Bissau,GNB,89,69.05,Afrique
2019,Serbia,SRB,90,68.82,UE Balkans
2019,Moldova,MDA,91,68.79,EEAC
2019,Gambia,GMB,92,68.65,Afrique
2019,Liberia,LBR,93,68.51,Afrique
2019,Mauritania,MRT,94,68.35,Afrique
2019,North Macedonia,MKD,95,68.34,UE Balkans
2019,Benin,BEN,96,68.26,Afrique
2019,Ecuador,ECU,97,68.12,Amériques
2019,Maldives,MDV,98,67.84,Asie-Pacifique
2019,Paraguay,PRY,99,67.6,Amériques
2019,Kenya,KEN,100,67.56,Afrique
2019,Lebanon,LBN,101,67.56,MENA
2019,Ukraine,UKR,102,67.54,EEAC
2019,Mozambique,MOZ,103,67.34,Afrique
2019,Montenegro,MNE,104,67.26,UE Balkans
2019,Brazil,BRA,105,67.21,Amériques
2019,Nepal,NPL,106,66.6,Asie-Pacifique
2019,Guinea,GIN,107,66.51,Afrique
2019,Kuwait,KWT,108,66.14,MENA
2019,Angola,AGO,109,65.04,Afrique
2019,Ethiopia,ETH,110,64.89,Afrique
2019,Bulgaria,BGR,111,64.89,UE Balkans
2019,Mali,MLI,112,64.77,Afrique
2019,Bolivia,BOL,113,64.62,Amériques
2019,Nicaragua,NIC,114,64.47,Amériques
2019,Gabon,GAB,115,64.4,Afrique
2019,Guatemala,GTM,116,64.06,Amériques
2019,Congo,COG,117,63.96,Afrique
2019,Tanzania,TZA,118,63.72,Afrique
2019,Zambia,ZMB,119,63.62,Afrique
2019,Nigeria,NGA,120,63.5,Afrique
2019,Afghanistan,AFG,121,63.45,Asie-Pacifique
2019,Chad,TCD,122,63.29,Afrique
2019,Malaysia,MYS,123,63.26,Asie-Pacifique
2019,Indonesia,IDN,124,63.23,Asie-Pacifique
2019,Uganda,UGA,125,60.58,Afrique
2019,Sri Lanka,LKA,126,60.39,Asie-Pacifique
2019,Zimbabwe,ZWE,127,57.77,Afrique
2019,Qatar,QAT,128,57.49,MENA
2019,Colombia,COL,129,57.18,Amériques
2019,Jordan,JOR,130,56.89,MENA
2019,Cameroon,CMR,131,56.68,Afrique
2019,Oman,OMN,132,56.58,MENA
2019,United Arab Emirates,ARE,133,56.37,MENA
2019,Philippines,PHL,134,56.09,Asie-Pacifique
2019,Morocco,MAR,135,56.02,MENA
2019,Thailand,THA,136,55.9,Asie-Pacifique
2019,Palestine,PSE,137,55.32,MENA
2019,Myanmar,MMR,138,55.08,Asie-Pacifique
2019,South Sudan,SSD,139,54.35,Afrique
2019,India,IND,140,54.33,Asie-Pacifique
2019,Algeria,DZA,141,54.25,MENA
2019,Pakistan,PAK,142,54.17,Asie-Pacifique
2019,Cambodia,KHM,143,54.1,Asie-Pacifique
2019,Mexico,MEX,144,53.22,Amériques
2019,Central African Republic,CAF,145,52.73,Afrique
2019,Honduras,HND,146,51.47,Amériques
2019,Eswatini,SWZ,147,50.91,Afrique
2019,Venezuela,VEN,148,50.9,Amériques
2019,Russian Federation,RUS,149,49.69,EEAC
2019,Bangladesh,BGD,150,49.26,Asie-Pacifique
2019,Singapore,SGP,151,48.59,Asie-Pacifique
2019,Brunei Darussalam,BRN,152,48.52,Asie-Pacifique
2019,Belarus,BLR,153,48.34,EEAC
2019,The Democratic Republic Of The Congo,COD,154,48.29,Afrique
2019,Rwanda,RWA,155,47.57,Afrique
2019,Iraq,IRQ,156,47.4,MENA
2019,Turkey,TUR,157,47.19,EEAC
2019,Kazakhstan,KAZ,158,47.18,EEAC
2019,Burundi,BDI,159,47.11,Afrique
2019,Uzbekistan,UZB,160,46.48,EEAC
2019,Tajikistan,TJK,161,45.98,EEAC
2019,Libya,LBY,162,44.23,MENA
2019,Egypt,EGY,163,43.53,MENA
2019,Somalia,SOM,164,42.76,Afrique
2019,Equatorial Guinea,GNQ,165,41.65,Afrique
2019,Azerbaijan,AZE,166,40.87,EEAC
2019,Bahrain,BHR,167,38.69,MENA
2019,Yemen,YEM,168,38.34,MENA
2019,Cuba,CUB,169,36.19,Amériques
2019,Islamic Republic of Iran,IRN,170,35.59,MENA
2019,Lao People's Democratic Republic,LAO,171,35.51,Asie-Pacifique
2019,Saudi Arabia,SAU,172,34.12,MENA
2019,Djibouti,DJI,173,28.64,Afrique
2019,Syrian Arab Republic,SYR,174,28.22,MENA
2019,Sudan,SDN,175,27.55,Afrique
2019,Vietnam,VNM,176,25.07,Asie-Pacifique
2019,China,CHN,177,21.08,Asie-Pacifique
2019,Eritrea,ERI,178,19.74,Afrique
2019,Democratic People's Republic of Korea,PRK,179,16.6,Asie-Pacifique
2019,Turkmenistan,TKM,180,14.56,EEAC
,,,,,
2018,Norway,NOR,1,92.37,UE Balkans
2018,Sweden,SWE,2,91.69,UE Balkans
2018,Netherlands,NLD,3,89.99,UE Balkans
2018,Finland,FIN,4,89.74,UE Balkans
2018,Switzerland,CHE,5,88.73,UE Balkans
2018,Jamaica,JAM,6,88.67,Amériques
2018,Belgium,BEL,7,86.84,UE Balkans
2018,New Zealand,NZL,8,86.38,Asie-Pacifique
2018,Denmark,DNK,9,86.01,UE Balkans
2018,Costa Rica,CRI,10,85.99,Amériques
2018,Austria,AUT,11,85.96,UE Balkans
2018,Estonia,EST,12,85.92,UE Balkans
2018,Iceland,ISL,13,85.9,UE Balkans
2018,Portugal,PRT,14,85.83,UE Balkans
2018,Germany,DEU,15,85.61,UE Balkans
2018,Ireland,IRL,16,85.41,UE Balkans
2018,Luxembourg,LUX,17,85.28,UE Balkans
2018,Canada,CAN,18,84.72,Amériques
2018,Australia,AUS,19,84.54,Asie-Pacifique
2018,Uruguay,URY,20,84.44,Amériques
2018,Suriname,SUR,21,83.56,Amériques
2018,Samoa,WSM,22,83.31,Asie-Pacifique
2018,Ghana,GHA,23,81.59,Afrique
2018,Latvia,LVA,24,80.37,UE Balkans
2018,Cyprus,CYP,25,80.15,UE Balkans
2018,Namibia,NAM,26,79.76,Afrique
2018,Slovakia,SVK,27,79.74,UE Balkans
2018,South Africa,ZAF,28,79.61,Afrique
2018,Cape Verde,CPV,29,79.61,Afrique
2018,Liechtenstein,LIE,30,79.51,UE Balkans
2018,Spain,ESP,31,79.49,UE Balkans
2018,Slovenia,SVN,32,78.31,UE Balkans
2018,France,FRA,33,78.13,UE Balkans
2018,Czech Republic,CZE,34,78.11,UE Balkans
2018,OECS,XCD,35,77.89,Amériques
2018,Lithuania,LTU,36,77.8,UE Balkans
2018,Andorra,AND,37,77.79,UE Balkans
2018,Chile,CHL,38,77.31,Amériques
2018,Trinidad and Tobago,TTO,39,77.21,Amériques
2018,United Kingdom,GBR,40,76.75,UE Balkans
2018,Burkina Faso,BFA,41,76.67,Afrique
2018,Taiwan,TWN,42,76.64,Asie-Pacifique
2018,South Korea,KOR,43,76.49,Asie-Pacifique
2018,Romania,ROU,44,76.35,UE Balkans
2018,United States,USA,45,76.27,Amériques
2018,Italy,ITA,46,75.88,UE Balkans
2018,Belize,BLZ,47,75.45,Amériques
2018,Botswana,BWA,48,74.71,Afrique
2018,Comoros,COM,49,74.7,Afrique
2018,Senegal,SEN,50,74.39,Afrique
2018,Tonga,TON,51,74.32,Asie-Pacifique
2018,Argentina,ARG,52,73.95,Amériques
2018,Papua New Guinea,PNG,53,73.81,Asie-Pacifique
2018,Madagascar,MDG,54,73.8,Afrique
2018,Guyana,GUY,55,73.75,Amériques
2018,Mauritius,MUS,56,73.55,Afrique
2018,Fiji,FJI,57,73.45,Asie-Pacifique
2018,Poland,POL,58,73.41,UE Balkans
2018,Dominican Republic,DOM,59,73.21,Amériques
2018,Haiti,HTI,60,73.18,Amériques
2018,Georgia,GEO,61,72.66,EEAC
2018,Bosnia and Herzegovina,BIH,62,72.63,UE Balkans
2018,Niger,NER,63,72.6,Afrique
2018,Malawi,MWI,64,72.57,Afrique
2018,Malta,MLT,65,72.56,UE Balkans
2018,El Salvador,SLV,66,72.22,Amériques
2018,Japan,JPN,67,71.36,Asie-Pacifique
2018,Lesotho,LSO,68,71.22,Afrique
2018,Croatia,HRV,69,71.06,UE Balkans
2018,Hong Kong,HKG,70,70.96,Asie-Pacifique
2018,Mongolia,MNG,71,70.95,Asie-Pacifique
2018,Mauritania,MRT,72,70.91,Afrique
2018,Hungary,HUN,73,70.89,UE Balkans
2018,Greece,GRC,74,70.81,UE Balkans
2018,Albania,ALB,75,70.51,UE Balkans
2018,Serbia,SRB,76,70.42,UE Balkans
2018,Cyprus North,CTU,77,70.41,UE Balkans
2018,Kosovo,XKO,78,70.39,UE Balkans
2018,Sierra Leone,SLE,79,70.02,Afrique
2018,Armenia,ARM,80,70.01,EEAC
2018,Moldova,MDA,81,69.99,EEAC
2018,Ivory Coast,CIV,82,69.92,Afrique
2018,Guinea-Bissau,GNB,83,69.91,Afrique
2018,Benin,BEN,84,69.84,Afrique
2018,Seychelles,SYC,85,69.83,Afrique
2018,Togo,TGO,86,69.77,Afrique
2018,Israel,ISR,87,69.74,MENA
2018,Peru,PER,88,69.73,Amériques
2018,Liberia,LBR,89,69.67,Afrique
2018,Nicaragua,NIC,90,69.59,Amériques
2018,Panama,PAN,91,69.44,Amériques
2018,Ecuador,ECU,92,69.44,Amériques
2018,Tanzania,TZA,93,69.35,Afrique
2018,Bhutan,BTN,94,69.27,Asie-Pacifique
2018,East Timor,TLS,95,69.19,Asie-Pacifique
2018,Kenya,KEN,96,69.18,Afrique
2018,Tunisia,TUN,97,69.09,MENA
2018,Kyrgyzstan,KGZ,98,69,EEAC
2018,Mozambique,MOZ,99,68.88,Afrique
2018,Lebanon,LBN,100,68.85,MENA
2018,Ukraine,UKR,101,68.84,EEAC
2018,Brazil,BRA,102,68.8,Amériques
2018,Montenegro,MNE,103,68.79,UE Balkans
2018,Guinea,GIN,104,68.1,Afrique
2018,Kuwait,KWT,105,68.09,MENA
2018,Nepal,NPL,106,67.95,Asie-Pacifique
2018,Paraguay,PRY,107,67.68,Amériques
2018,Gabon,GAB,108,67.63,Afrique
2018,North Macedonia,MKD,109,67.57,UE Balkans
2018,Bolivia,BOL,110,67.55,Amériques
2018,Bulgaria,BGR,111,64.78,UE Balkans
2018,Central African Republic,CAF,112,64.75,Afrique
2018,Zambia,ZMB,113,64.64,Afrique
2018,Congo,COG,114,64.58,Afrique
2018,Mali,MLI,115,63.85,Afrique
2018,Guatemala,GTM,116,63.83,Amériques
2018,Uganda,UGA,117,63.23,Afrique
2018,Afghanistan,AFG,118,62.72,Asie-Pacifique
2018,Nigeria,NGA,119,62.59,Afrique
2018,Maldives,MDV,120,62.05,Asie-Pacifique
2018,Angola,AGO,121,61.65,Afrique
2018,Gambia,GMB,122,61.64,Afrique
2018,Chad,TCD,123,61.55,Afrique
2018,Indonesia,IDN,124,60.32,Asie-Pacifique
2018,Qatar,QAT,125,59.84,MENA
2018,Zimbabwe,ZWE,126,59.47,Afrique
2018,Oman,OMN,127,59.33,MENA
2018,United Arab Emirates,ARE,128,59.14,MENA
2018,Cameroon,CMR,129,59.08,Afrique
2018,Colombia,COL,130,58.97,Amériques
2018,Sri Lanka,LKA,131,58.63,Asie-Pacifique
2018,Jordan,JOR,132,58.29,MENA
2018,Philippines,PHL,133,57.47,Asie-Pacifique
2018,Palestine,PSE,134,57.04,MENA
2018,Morocco,MAR,135,56.87,MENA
2018,Algeria,DZA,136,56.87,MENA
2018,Myanmar,MMR,137,56.85,Asie-Pacifique
2018,India,IND,138,56.76,Asie-Pacifique
2018,Pakistan,PAK,139,56.76,Asie-Pacifique
2018,Thailand,THA,140,55.69,Asie-Pacifique
2018,Honduras,HND,141,54.77,Amériques
2018,Cambodia,KHM,142,54.1,Asie-Pacifique
2018,Venezuela,VEN,143,53.97,Amériques
2018,South Sudan,SSD,144,53.12,Afrique
2018,Malaysia,MYS,145,52.59,Asie-Pacifique
2018,Bangladesh,BGD,146,51.38,Asie-Pacifique
2018,Mexico,MEX,147,51.09,Amériques
2018,Russian Federation,RUS,148,50.04,EEAC
2018,Tajikistan,TJK,149,49.94,EEAC
2018,Ethiopia,ETH,150,49.83,Afrique
2018,Singapore,SGP,151,49.05,Asie-Pacifique
2018,Eswatini,SWZ,152,48.54,Afrique
2018,Brunei Darussalam,BRN,153,48.52,Asie-Pacifique
2018,The Democratic Republic Of The Congo,COD,154,48.4,Afrique
2018,Belarus,BLR,155,47.41,EEAC
2018,Rwanda,RWA,156,47.1,Afrique
2018,Turkey,TUR,157,46.5,EEAC
2018,Kazakhstan,KAZ,158,45.59,EEAC
2018,Burundi,BDI,159,44.74,Afrique
2018,Iraq,IRQ,160,43.44,MENA
2018,Egypt,EGY,161,43.28,MENA
2018,Libya,LBY,162,43.21,MENA
2018,Azerbaijan,AZE,163,40.27,EEAC
2018,Islamic Republic of Iran,IRN,164,39.29,MENA
2018,Uzbekistan,UZB,165,39.16,EEAC
2018,Bahrain,BHR,166,39.15,MENA
2018,Yemen,YEM,167,37.77,MENA
2018,Somalia,SOM,168,36.96,Afrique
2018,Saudi Arabia,SAU,169,36.87,MENA
2018,Lao People's Democratic Republic,LAO,170,33.59,Asie-Pacifique
2018,Equatorial Guinea,GNQ,171,33.53,Afrique
2018,Cuba,CUB,172,31.1,Amériques
2018,Djibouti,DJI,173,29.23,Afrique
2018,Sudan,SDN,174,28.87,Afrique
2018,Vietnam,VNM,175,24.95,Asie-Pacifique
2018,China,CHN,176,21.71,Asie-Pacifique
2018,Syrian Arab Republic,SYR,177,20.78,MENA
2018,Turkmenistan,TKM,178,15.8,EEAC
2018,Eritrea,ERI,179,15.76,Afrique
2018,Democratic People's Republic of Korea,PRK,180,11.13,Asie-Pacifique
,,,,,
2017,Norway,NOR,1,92.4,UE Balkans
2017,Sweden,SWE,2,91.73,UE Balkans
2017,Finland,FIN,3,91.08,UE Balkans
2017,Denmark,DNK,4,89.64,UE Balkans
2017,Netherlands,NLD,5,88.72,UE Balkans
2017,Costa Rica,CRI,6,88.07,Amériques
2017,Switzerland,CHE,7,87.87,UE Balkans
2017,Jamaica,JAM,8,87.27,Amériques
2017,Belgium,BEL,9,87.25,UE Balkans
2017,Iceland,ISL,10,86.97,UE Balkans
2017,Austria,AUT,11,86.53,UE Balkans
2017,Estonia,EST,12,86.45,UE Balkans
2017,New Zealand,NZL,13,86.02,Asie-Pacifique
2017,Ireland,IRL,14,85.92,UE Balkans
2017,Luxembourg,LUX,15,85.28,UE Balkans
2017,Germany,DEU,16,85.03,UE Balkans
2017,Slovakia,SVK,17,84.49,UE Balkans
2017,Portugal,PRT,18,84.23,UE Balkans
2017,Australia,AUS,19,83.98,Asie-Pacifique
2017,Suriname,SUR,20,83.93,Amériques
2017,Samoa,WSM,21,83.59,Asie-Pacifique
2017,Canada,CAN,22,83.47,Amériques
2017,Czech Republic,CZE,23,83.09,UE Balkans
2017,Namibia,NAM,24,82.92,Afrique
2017,Uruguay,URY,25,82.57,Amériques
2017,Ghana,GHA,26,82.05,Afrique
2017,Cape Verde,CPV,27,81.98,Afrique
2017,Latvia,LVA,28,81.38,UE Balkans
2017,Spain,ESP,29,81.31,UE Balkans
2017,Cyprus,CYP,30,80.21,UE Balkans
2017,South Africa,ZAF,31,79.88,Afrique
2017,Liechtenstein,LIE,32,79.69,UE Balkans
2017,Chile,CHL,33,79.47,Amériques
2017,Trinidad and Tobago,TTO,34,79.38,Amériques
2017,Andorra,AND,35,78.97,UE Balkans
2017,Lithuania,LTU,36,78.63,UE Balkans
2017,Slovenia,SVN,37,78.3,UE Balkans
2017,OECS,XCD,38,77.9,Amériques
2017,France,FRA,39,77.76,UE Balkans
2017,United Kingdom,GBR,40,77.74,UE Balkans
2017,Belize,BLZ,41,76.57,Amériques
2017,Burkina Faso,BFA,42,76.15,Afrique
2017,United States,USA,43,76.12,Amériques
2017,Comoros,COM,44,75.67,Afrique
2017,Taiwan,TWN,45,75.63,Asie-Pacifique
2017,Romania,ROU,46,75.54,UE Balkans
2017,Malta,MLT,47,75.24,UE Balkans
2017,Botswana,BWA,48,75.07,Afrique
2017,Tonga,TON,49,75.03,Asie-Pacifique
2017,Argentina,ARG,50,74.93,Amériques
2017,Papua New Guinea,PNG,51,74.93,Asie-Pacifique
2017,Italy,ITA,52,73.74,UE Balkans
2017,Haiti,HTI,53,73.64,Amériques
2017,Poland,POL,54,73.53,UE Balkans
2017,Mauritania,MRT,55,73.51,Afrique
2017,Mauritius,MUS,56,73.33,Afrique
2017,Madagascar,MDG,57,73.29,Afrique
2017,Senegal,SEN,58,73.28,Afrique
2017,Dominican Republic,DOM,59,73.24,Amériques
2017,Guyana,GUY,60,73.2,Amériques
2017,Niger,NER,61,72.79,Afrique
2017,El Salvador,SLV,62,72.76,Amériques
2017,South Korea,KOR,63,72.39,Asie-Pacifique
2017,Georgia,GEO,64,72.24,EEAC
2017,Bosnia and Herzegovina,BIH,65,72.17,UE Balkans
2017,Serbia,SRB,66,71.95,UE Balkans
2017,Fiji,FJI,67,71.36,Asie-Pacifique
2017,Lesotho,LSO,68,71.22,Afrique
2017,Mongolia,MNG,69,71.05,Asie-Pacifique
2017,Malawi,MWI,70,71.03,Afrique
2017,Hungary,HUN,71,70.99,UE Balkans
2017,Japan,JPN,72,70.56,Asie-Pacifique
2017,Hong Kong,HKG,73,70.54,Asie-Pacifique
2017,Croatia,HRV,74,70.41,UE Balkans
2017,Cyprus North,CTU,75,70.12,UE Balkans
2017,Albania,ALB,76,70.08,UE Balkans
2017,Guinea-Bissau,GNB,77,69.91,Afrique
2017,Benin,BEN,78,69.68,Afrique
2017,Armenia,ARM,79,69.62,EEAC
2017,Moldova,MDA,80,69.59,EEAC
2017,Ivory Coast,CIV,81,69.58,Afrique
2017,Kosovo,XKO,82,69.55,UE Balkans
2017,Tanzania,TZA,83,69.35,Afrique
2017,Bhutan,BTN,84,69.27,Asie-Pacifique
2017,Sierra Leone,SLE,85,69.27,Afrique
2017,Togo,TGO,86,69.25,Afrique
2017,Seychelles,SYC,87,69.14,Afrique
2017,Greece,GRC,88,69.11,UE Balkans
2017,Kyrgyzstan,KGZ,89,69.08,EEAC
2017,Peru,PER,90,69.02,Amériques
2017,Israel,ISR,91,68.99,MENA
2017,Nicaragua,NIC,92,68.99,Amériques
2017,Mozambique,MOZ,93,68.95,Afrique
2017,Liberia,LBR,94,68.88,Afrique
2017,Kenya,KEN,95,68.8,Afrique
2017,Panama,PAN,96,67.88,Amériques
2017,Tunisia,TUN,97,67.78,MENA
2017,East Timor,TLS,98,67.18,Asie-Pacifique
2017,Lebanon,LBN,99,66.99,MENA
2017,Nepal,NPL,100,66.98,Asie-Pacifique
2017,Guinea,GIN,101,66.85,Afrique
2017,Ukraine,UKR,102,66.81,EEAC
2017,Brazil,BRA,103,66.42,Amériques
2017,Kuwait,KWT,104,66.39,MENA
2017,Ecuador,ECU,105,66.36,Amériques
2017,Montenegro,MNE,106,66.35,UE Balkans
2017,Bolivia,BOL,107,66.12,Amériques
2017,Gabon,GAB,108,65.17,Afrique
2017,Bulgaria,BGR,109,64.99,UE Balkans
2017,Paraguay,PRY,110,64.36,Amériques
2017,North Macedonia,MKD,111,64.26,UE Balkans
2017,Uganda,UGA,112,64.06,Afrique
2017,Central African Republic,CAF,113,63.88,Afrique
2017,Zambia,ZMB,114,63.52,Afrique
2017,Congo,COG,115,63.27,Afrique
2017,Mali,MLI,116,61.73,Afrique
2017,Maldives,MDV,117,60.7,Asie-Pacifique
2017,Guatemala,GTM,118,60.67,Amériques
2017,United Arab Emirates,ARE,119,60.61,MENA
2017,Afghanistan,AFG,120,60.54,Asie-Pacifique
2017,Chad,TCD,121,60.34,Afrique
2017,Nigeria,NGA,122,60.31,Afrique
2017,Qatar,QAT,123,60.17,MENA
2017,Indonesia,IDN,124,60.07,Asie-Pacifique
2017,Angola,AGO,125,59.58,Afrique
2017,Oman,OMN,126,59.54,MENA
2017,Philippines,PHL,127,58.92,Asie-Pacifique
2017,Zimbabwe,ZWE,128,58.56,Afrique
2017,Colombia,COL,129,58.53,Amériques
2017,Cameroon,CMR,130,58.41,Afrique
2017,Myanmar,MMR,131,58.18,Asie-Pacifique
2017,Cambodia,KHM,132,57.93,Asie-Pacifique
2017,Morocco,MAR,133,57.58,MENA
2017,Algeria,DZA,134,57.17,MENA
2017,Palestine,PSE,135,57.1,MENA
2017,India,IND,136,57.06,Asie-Pacifique
2017,Venezuela,VEN,137,57.06,Amériques
2017,Jordan,JOR,138,56.76,MENA
2017,Pakistan,PAK,139,56.45,Asie-Pacifique
2017,Honduras,HND,140,56.25,Amériques
2017,Sri Lanka,LKA,141,55.66,Asie-Pacifique
2017,Thailand,THA,142,55.31,Asie-Pacifique
2017,Gambia,GMB,143,53.3,Afrique
2017,Malaysia,MYS,144,53.11,Asie-Pacifique
2017,South Sudan,SSD,145,51.84,Afrique
2017,Bangladesh,BGD,146,51.64,Asie-Pacifique
2017,Mexico,MEX,147,51.03,Amériques
2017,Russian Federation,RUS,148,50.55,EEAC
2017,Tajikistan,TJK,149,49.73,EEAC
2017,Ethiopia,ETH,150,49.66,Afrique
2017,Singapore,SGP,151,48.9,Asie-Pacifique
2017,Eswatini,SWZ,152,48.73,Afrique
2017,Belarus,BLR,153,47.57,EEAC
2017,The Democratic Republic Of The Congo,COD,154,47.33,Afrique
2017,Turkey,TUR,155,47.02,EEAC
2017,Brunei Darussalam,BRN,156,46.28,Asie-Pacifique
2017,Kazakhstan,KAZ,157,45.99,EEAC
2017,Iraq,IRQ,158,45.97,MENA
2017,Rwanda,RWA,159,45.89,Afrique
2017,Burundi,BDI,160,44.22,Afrique
2017,Egypt,EGY,161,44.22,MENA
2017,Azerbaijan,AZE,162,43.6,EEAC
2017,Libya,LBY,163,43.19,MENA
2017,Bahrain,BHR,164,41.12,MENA
2017,Islamic Republic of Iran,IRN,165,34.88,MENA
2017,Yemen,YEM,166,34.2,MENA
2017,Somalia,SOM,167,34.05,Afrique
2017,Saudi Arabia,SAU,168,33.98,MENA
2017,Uzbekistan,UZB,169,33.89,EEAC
2017,Lao People's Democratic Republic,LAO,170,33.59,Asie-Pacifique
2017,Equatorial Guinea,GNQ,171,33.53,Afrique
2017,Djibouti,DJI,172,29.46,Afrique
2017,Cuba,CUB,173,28.25,Amériques
2017,Sudan,SDN,174,26.44,Afrique
2017,Vietnam,VNM,175,26.04,Asie-Pacifique
2017,China,CHN,176,22.34,Asie-Pacifique
2017,Syrian Arab Republic,SYR,177,18.51,MENA
2017,Turkmenistan,TKM,178,15.81,EEAC
2017,Eritrea,ERI,179,15.76,Afrique
2017,Democratic People's Republic of Korea,PRK,180,15.02,Asie-Pacifique
,,,,,
2016,Finland,FIN,1,91.41,UE Balkans
2016,Netherlands,NLD,2,91.24,UE Balkans
2016,Norway,NOR,3,91.21,UE Balkans
2016,Denmark,DNK,4,91.11,UE Balkans
2016,New Zealand,NZL,5,89.99,Asie-Pacifique
2016,Costa Rica,CRI,6,88.9,Amériques
2016,Switzerland,CHE,7,88.24,UE Balkans
2016,Sweden,SWE,8,87.67,UE Balkans
2016,Ireland,IRL,9,87.6,UE Balkans
2016,Jamaica,JAM,10,87.55,Amériques
2016,Austria,AUT,11,86.82,UE Balkans
2016,Slovakia,SVK,12,86.74,UE Balkans
2016,Belgium,BEL,13,85.82,UE Balkans
2016,Estonia,EST,14,85.69,UE Balkans
2016,Luxembourg,LUX,15,85.57,UE Balkans
2016,Germany,DEU,16,85.2,UE Balkans
2016,Namibia,NAM,17,84.85,Afrique
2016,Canada,CAN,18,84.74,Amériques
2016,Iceland,ISL,19,84.7,UE Balkans
2016,Uruguay,URY,20,84.12,Amériques
2016,Czech Republic,CZE,21,83.34,UE Balkans
2016,Suriname,SUR,22,83.3,Amériques
2016,Portugal,PRT,23,82.73,UE Balkans
2016,Latvia,LVA,24,82.62,UE Balkans
2016,Australia,AUS,25,82.16,Asie-Pacifique
2016,Ghana,GHA,26,82.05,Afrique
2016,Cyprus,CYP,27,81.74,UE Balkans
2016,Liechtenstein,LIE,28,81.64,UE Balkans
2016,Samoa,WSM,29,81.2,Asie-Pacifique
2016,OECS,XCD,30,81.09,Amériques
2016,Chile,CHL,31,80.77,Amériques
2016,Cape Verde,CPV,32,80.18,Afrique
2016,Andorra,AND,33,80.13,UE Balkans
2016,Spain,ESP,34,80.08,UE Balkans
2016,Lithuania,LTU,35,80.05,UE Balkans
2016,Belize,BLZ,36,79.39,Amériques
2016,Tonga,TON,37,78.76,Asie-Pacifique
2016,United Kingdom,GBR,38,78.3,UE Balkans
2016,South Africa,ZAF,39,78.08,Afrique
2016,Slovenia,SVN,40,77.74,UE Balkans
2016,United States,USA,41,77.51,Amériques
2016,Burkina Faso,BFA,42,77.34,Afrique
2016,Botswana,BWA,43,77.09,Afrique
2016,Trinidad and Tobago,TTO,44,76.71,Amériques
2016,France,FRA,45,76.17,UE Balkans
2016,Malta,MLT,46,76.16,UE Balkans
2016,Poland,POL,47,76.11,UE Balkans
2016,Mauritania,MRT,48,75.97,Afrique
2016,Romania,ROU,49,75.71,UE Balkans
2016,Comoros,COM,50,75.67,Afrique
2016,Taiwan,TWN,51,75.63,Asie-Pacifique
2016,Niger,NER,52,75.38,Afrique
2016,Haiti,HTI,53,75.34,Amériques
2016,Argentina,ARG,54,74.91,Amériques
2016,Papua New Guinea,PNG,55,74.19,Asie-Pacifique
2016,Madagascar,MDG,56,72.96,Afrique
2016,Guyana,GUY,57,72.93,Amériques
2016,El Salvador,SLV,58,72.8,Amériques
2016,Serbia,SRB,59,72.4,UE Balkans
2016,Mongolia,MNG,60,72.39,Asie-Pacifique
2016,Mauritius,MUS,61,72.31,Afrique
2016,Dominican Republic,DOM,62,72.1,Amériques
2016,Croatia,HRV,63,72.09,UE Balkans
2016,Georgia,GEO,64,72.04,EEAC
2016,Senegal,SEN,65,72.01,Afrique
2016,Malawi,MWI,66,71.88,Afrique
2016,Hungary,HUN,67,71.83,UE Balkans
2016,Bosnia and Herzegovina,BIH,68,71.55,UE Balkans
2016,Hong Kong,HKG,69,71.5,Asie-Pacifique
2016,South Korea,KOR,70,71.42,Asie-Pacifique
2016,Tanzania,TZA,71,71.35,Afrique
2016,Japan,JPN,72,71.33,Asie-Pacifique
2016,Lesotho,LSO,73,71.22,Afrique
2016,Armenia,ARM,74,71.21,EEAC
2016,Nicaragua,NIC,75,71.18,Amériques
2016,Moldova,MDA,76,71.17,EEAC
2016,Italy,ITA,77,71.07,UE Balkans
2016,Benin,BEN,78,71.03,Afrique
2016,Guinea-Bissau,GNB,79,70.97,Afrique
2016,Fiji,FJI,80,70.63,Asie-Pacifique
2016,Cyprus North,CTU,81,70.46,UE Balkans
2016,Albania,ALB,82,70.08,UE Balkans
2016,Sierra Leone,SLE,83,70.06,Afrique
2016,Peru,PER,84,70.01,Amériques
2016,Kyrgyzstan,KGZ,85,69.84,EEAC
2016,Ivory Coast,CIV,86,69.83,Afrique
2016,Mozambique,MOZ,87,69.75,Afrique
2016,Togo,TGO,88,69.69,Afrique
2016,Greece,GRC,89,69.65,UE Balkans
2016,Kosovo,XKO,90,69.5,UE Balkans
2016,Panama,PAN,91,69.41,Amériques
2016,Seychelles,SYC,92,69.4,Afrique
2016,Liberia,LBR,93,69.29,Afrique
2016,Bhutan,BTN,94,69.27,Asie-Pacifique
2016,Kenya,KEN,95,68.84,Afrique
2016,Tunisia,TUN,96,68.4,MENA
2016,Bolivia,BOL,97,68.22,Amériques
2016,Lebanon,LBN,98,68.05,MENA
2016,East Timor,TLS,99,67.98,Asie-Pacifique
2016,Gabon,GAB,100,67.8,Afrique
2016,Israel,ISR,101,67.42,MENA
2016,Uganda,UGA,102,67.42,Afrique
2016,Kuwait,KWT,103,67.41,MENA
2016,Brazil,BRA,104,67.38,Amériques
2016,Nepal,NPL,105,67.38,Asie-Pacifique
2016,Montenegro,MNE,106,67.21,UE Balkans
2016,Ukraine,UKR,107,67.07,EEAC
2016,Guinea,GIN,108,66.92,Afrique
2016,Ecuador,ECU,109,66.79,Amériques
2016,Central African Republic,CAF,110,66.4,Afrique
2016,Paraguay,PRY,111,66.37,Amériques
2016,Maldives,MDV,112,65.83,Asie-Pacifique
2016,Bulgaria,BGR,113,65.54,UE Balkans
2016,Zambia,ZMB,114,64.92,Afrique
2016,Congo,COG,115,64.16,Afrique
2016,Nigeria,NGA,116,64.1,Afrique
2016,Qatar,QAT,117,64.03,MENA
2016,North Macedonia,MKD,118,63.91,UE Balkans
2016,United Arab Emirates,ARE,119,63.27,MENA
2016,Afghanistan,AFG,120,62.25,Asie-Pacifique
2016,Guatemala,GTM,121,61.97,Amériques
2016,Mali,MLI,122,60.17,Afrique
2016,Angola,AGO,123,60.11,Afrique
2016,Zimbabwe,ZWE,124,59.59,Afrique
2016,Oman,OMN,125,59.57,MENA
2016,Cameroon,CMR,126,59.47,Afrique
2016,Chad,TCD,127,59.41,Afrique
2016,Cambodia,KHM,128,59.3,Asie-Pacifique
2016,Algeria,DZA,129,58.31,MENA
2016,Indonesia,IDN,130,58.28,Asie-Pacifique
2016,Morocco,MAR,131,57.36,MENA
2016,Palestine,PSE,132,57.07,MENA
2016,India,IND,133,56.83,Asie-Pacifique
2016,Colombia,COL,134,55.89,Amériques
2016,Jordan,JOR,135,55.51,MENA
2016,Thailand,THA,136,55.47,Asie-Pacifique
2016,Honduras,HND,137,55.38,Amériques
2016,Philippines,PHL,138,55.34,Asie-Pacifique
2016,Venezuela,VEN,139,55.23,Amériques
2016,South Sudan,SSD,140,55.13,Afrique
2016,Sri Lanka,LKA,141,55.04,Asie-Pacifique
2016,Ethiopia,ETH,142,54.87,Afrique
2016,Myanmar,MMR,143,54.52,Asie-Pacifique
2016,Bangladesh,BGD,144,54.06,Asie-Pacifique
2016,Gambia,GMB,145,53.47,Afrique
2016,Malaysia,MYS,146,53.43,Asie-Pacifique
2016,Pakistan,PAK,147,51.48,Asie-Pacifique
2016,Russian Federation,RUS,148,50.97,EEAC
2016,Mexico,MEX,149,50.67,Amériques
2016,Tajikistan,TJK,150,49.66,EEAC
2016,Turkey,TUR,151,49.24,EEAC
2016,The Democratic Republic Of The Congo,COD,152,49.03,Afrique
2016,Eswatini,SWZ,153,47.63,Afrique
2016,Singapore,SGP,154,47.04,Asie-Pacifique
2016,Brunei Darussalam,BRN,155,46.15,Asie-Pacifique
2016,Burundi,BDI,156,45.9,Afrique
2016,Belarus,BLR,157,45.68,EEAC
2016,Iraq,IRQ,158,45.65,MENA
2016,Egypt,EGY,159,45.55,MENA
2016,Kazakhstan,KAZ,160,45.45,EEAC
2016,Rwanda,RWA,161,45.39,Afrique
2016,Bahrain,BHR,162,45.14,MENA
2016,Azerbaijan,AZE,163,42.11,EEAC
2016,Libya,LBY,164,42.11,MENA
2016,Saudi Arabia,SAU,165,40.28,MENA
2016,Uzbekistan,UZB,166,38.85,EEAC
2016,Somalia,SOM,167,34.65,Afrique
2016,Equatorial Guinea,GNQ,168,33.53,Afrique
2016,Islamic Republic of Iran,IRN,169,33.48,MENA
2016,Yemen,YEM,170,32.93,MENA
2016,Cuba,CUB,171,29.77,Amériques
2016,Djibouti,DJI,172,29.1,Afrique
2016,Lao People's Democratic Republic,LAO,173,28.42,Asie-Pacifique
2016,Sudan,SDN,174,27.47,Afrique
2016,Vietnam,VNM,175,25.73,Asie-Pacifique
2016,China,CHN,176,19.04,Asie-Pacifique
2016,Syrian Arab Republic,SYR,177,18.65,MENA
2016,Turkmenistan,TKM,178,16.56,EEAC
2016,Democratic People's Republic of Korea,PRK,179,16.24,Asie-Pacifique
2016,Eritrea,ERI,180,16.08,Afrique
,,,,,
2015,Finland,FIN,1,92.48,UE Balkans
2015,Norway,NOR,2,92.25,UE Balkans
2015,Denmark,DNK,3,91.76,UE Balkans
2015,Netherlands,NLD,4,90.78,UE Balkans
2015,Sweden,SWE,5,90.53,UE Balkans
2015,New Zealand,NZL,6,89.94,Asie-Pacifique
2015,Austria,AUT,7,89.15,UE Balkans
2015,Canada,CAN,8,89.01,Amériques
2015,Jamaica,JAM,9,88.82,Amériques
2015,Estonia,EST,10,88.81,UE Balkans
2015,Ireland,IRL,11,88.8,UE Balkans
2015,Germany,DEU,12,88.53,UE Balkans
2015,Czech Republic,CZE,13,88.38,UE Balkans
2015,Slovakia,SVK,14,88.34,UE Balkans
2015,Belgium,BEL,15,88.02,UE Balkans
2015,Costa Rica,CRI,16,87.74,Amériques
2015,Namibia,NAM,17,87.5,Afrique
2015,Poland,POL,18,87.29,UE Balkans
2015,Luxembourg,LUX,19,86.39,UE Balkans
2015,Switzerland,CHE,20,86.15,UE Balkans
2015,Iceland,ISL,21,86.13,UE Balkans
2015,Ghana,GHA,22,84.5,Afrique
2015,Uruguay,URY,23,84.06,Amériques
2015,Cyprus,CYP,24,83.48,UE Balkans
2015,Australia,AUS,25,82.97,Asie-Pacifique
2015,Portugal,PRT,26,82.89,UE Balkans
2015,Liechtenstein,LIE,27,82.33,UE Balkans
2015,Latvia,LVA,28,81.88,UE Balkans
2015,Suriname,SUR,29,81.8,Amériques
2015,Belize,BLZ,30,81.46,Amériques
2015,Lithuania,LTU,31,81.2,UE Balkans
2015,Andorra,AND,32,80.13,UE Balkans
2015,Spain,ESP,33,80.05,UE Balkans
2015,United Kingdom,GBR,34,80,UE Balkans
2015,Slovenia,SVN,35,79.45,UE Balkans
2015,Cape Verde,CPV,36,79.31,Afrique
2015,OECS,XCD,37,78.98,Amériques
2015,France,FRA,38,78.85,UE Balkans
2015,South Africa,ZAF,39,77.94,Afrique
2015,Samoa,WSM,40,77.68,Asie-Pacifique
2015,Trinidad and Tobago,TTO,41,77.61,Amériques
2015,Botswana,BWA,42,77.09,Afrique
2015,Chile,CHL,43,77,Amériques
2015,Tonga,TON,44,76.63,Asie-Pacifique
2015,El Salvador,SLV,45,76.34,Amériques
2015,Burkina Faso,BFA,46,76.21,Afrique
2015,Niger,NER,47,76.15,Afrique
2015,Malta,MLT,48,75.84,UE Balkans
2015,United States,USA,49,75.59,Amériques
2015,Comoros,COM,50,75.48,Afrique
2015,Taiwan,TWN,51,75.17,Asie-Pacifique
2015,Romania,ROU,52,75.1,UE Balkans
2015,Haiti,HTI,53,74.92,Amériques
2015,Mongolia,MNG,54,74.75,Asie-Pacifique
2015,Mauritania,MRT,55,74.73,Afrique
2015,Papua New Guinea,PNG,56,74.13,Asie-Pacifique
2015,Argentina,ARG,57,73.89,Amériques
2015,Croatia,HRV,58,73.88,UE Balkans
2015,Malawi,MWI,59,73.59,Afrique
2015,South Korea,KOR,60,73.45,Asie-Pacifique
2015,Japan,JPN,61,73.05,Asie-Pacifique
2015,Guyana,GUY,62,72.79,Amériques
2015,Dominican Republic,DOM,63,72.69,Amériques
2015,Madagascar,MDG,64,72.57,Afrique
2015,Hungary,HUN,65,72.56,UE Balkans
2015,Bosnia and Herzegovina,BIH,66,72.49,UE Balkans
2015,Serbia,SRB,67,72.34,UE Balkans
2015,Mauritius,MUS,68,72.31,Afrique
2015,Georgia,GEO,69,72.3,EEAC
2015,Hong Kong,HKG,70,72.24,Asie-Pacifique
2015,Senegal,SEN,71,72.23,Afrique
2015,Moldova,MDA,72,72.15,EEAC
2015,Italy,ITA,73,72.06,UE Balkans
2015,Nicaragua,NIC,74,72.06,Amériques
2015,Tanzania,TZA,75,71.91,Afrique
2015,Cyprus North,CTU,76,71.67,UE Balkans
2015,Lesotho,LSO,77,71.64,Afrique
2015,Armenia,ARM,78,71.57,EEAC
2015,Sierra Leone,SLE,79,71.53,Afrique
2015,Togo,TGO,80,71.5,Afrique
2015,Guinea-Bissau,GNB,81,71.3,Afrique
2015,Albania,ALB,82,71.23,UE Balkans
2015,Panama,PAN,83,71.02,Amériques
2015,Benin,BEN,84,70.76,Afrique
2015,Mozambique,MOZ,85,70.02,Afrique
2015,Ivory Coast,CIV,86,69.55,Afrique
2015,Kosovo,XKO,87,69.37,UE Balkans
2015,Kyrgyzstan,KGZ,88,69.31,EEAC
2015,Liberia,LBR,89,69.22,Afrique
2015,Kuwait,KWT,90,69.16,MENA
2015,Greece,GRC,91,68.99,UE Balkans
2015,Peru,PER,92,68.79,Amériques
2015,Fiji,FJI,93,68.72,Asie-Pacifique
2015,Bolivia,BOL,94,68.71,Amériques
2015,Gabon,GAB,95,68.62,Afrique
2015,Seychelles,SYC,96,68.45,Afrique
2015,Uganda,UGA,97,68.35,Afrique
2015,Lebanon,LBN,98,68.19,MENA
2015,Brazil,BRA,99,68.07,Amériques
2015,Kenya,KEN,100,67.93,Afrique
2015,Israel,ISR,101,67.91,MENA
2015,Guinea,GIN,102,67.44,Afrique
2015,East Timor,TLS,103,67.37,Asie-Pacifique
2015,Bhutan,BTN,104,67.35,Asie-Pacifique
2015,Nepal,NPL,105,67.29,Asie-Pacifique
2015,Bulgaria,BGR,106,67.09,UE Balkans
2015,Congo,COG,107,67,Afrique
2015,Ecuador,ECU,108,66.35,Amériques
2015,Paraguay,PRY,109,66.26,Amériques
2015,Central African Republic,CAF,110,66.16,Afrique
2015,Nigeria,NGA,111,65.91,Afrique
2015,Maldives,MDV,112,65.68,Asie-Pacifique
2015,Zambia,ZMB,113,65.65,Afrique
2015,Montenegro,MNE,114,65.37,UE Balkans
2015,Qatar,QAT,115,64.65,MENA
2015,Tajikistan,TJK,116,63.81,EEAC
2015,North Macedonia,MKD,117,63.74,UE Balkans
2015,Mali,MLI,118,63.67,Afrique
2015,Algeria,DZA,119,63.37,MENA
2015,United Arab Emirates,ARE,120,63.27,MENA
2015,Brunei Darussalam,BRN,121,63.24,Asie-Pacifique
2015,Afghanistan,AFG,122,62.56,Asie-Pacifique
2015,Angola,AGO,123,62.16,Afrique
2015,Guatemala,GTM,124,62.08,Amériques
2015,South Sudan,SSD,125,61.96,Afrique
2015,Tunisia,TUN,126,61.32,MENA
2015,Oman,OMN,127,61.17,MENA
2015,Colombia,COL,128,60.92,Amériques
2015,Ukraine,UKR,129,60.9,EEAC
2015,Morocco,MAR,130,60.81,MENA
2015,Zimbabwe,ZWE,131,60.81,Afrique
2015,Honduras,HND,132,60.73,Amériques
2015,Cameroon,CMR,133,60.37,Afrique
2015,Thailand,THA,134,59.93,Asie-Pacifique
2015,Chad,TCD,135,59.83,Afrique
2015,India,IND,136,59.51,Asie-Pacifique
2015,Venezuela,VEN,137,59.39,Amériques
2015,Indonesia,IDN,138,59.25,Asie-Pacifique
2015,Cambodia,KHM,139,59.01,Asie-Pacifique
2015,Palestine,PSE,140,58.99,MENA
2015,Philippines,PHL,141,58.81,Asie-Pacifique
2015,Ethiopia,ETH,142,58.17,Afrique
2015,Jordan,JOR,143,57.93,MENA
2015,Myanmar,MMR,144,57.92,Asie-Pacifique
2015,Burundi,BDI,145,57.07,Afrique
2015,Bangladesh,BGD,146,57.05,Asie-Pacifique
2015,Malaysia,MYS,147,56.71,Asie-Pacifique
2015,Mexico,MEX,148,56.31,Amériques
2015,Turkey,TUR,149,55.84,EEAC
2015,The Democratic Republic Of The Congo,COD,150,55.69,Afrique
2015,Gambia,GMB,151,55.5,Afrique
2015,Russian Federation,RUS,152,55.03,EEAC
2015,Singapore,SGP,153,54.13,Asie-Pacifique
2015,Libya,LBY,154,54.01,MENA
2015,Eswatini,SWZ,155,52.72,Afrique
2015,Iraq,IRQ,156,52.24,MENA
2015,Belarus,BLR,157,52.02,EEAC
2015,Egypt,EGY,158,49.83,MENA
2015,Pakistan,PAK,159,49.54,Asie-Pacifique
2015,Kazakhstan,KAZ,160,46.54,EEAC
2015,Rwanda,RWA,161,43.43,Afrique
2015,Azerbaijan,AZE,162,41.59,EEAC
2015,Bahrain,BHR,163,41.31,MENA
2015,Saudi Arabia,SAU,164,40.59,MENA
2015,Sri Lanka,LKA,165,39.72,Asie-Pacifique
2015,Uzbekistan,UZB,166,38.86,EEAC
2015,Equatorial Guinea,GNQ,167,33.77,Afrique
2015,Yemen,YEM,168,33.64,MENA
2015,Cuba,CUB,169,29.79,Amériques
2015,Djibouti,DJI,170,28.96,Afrique
2015,Lao People's Democratic Republic,LAO,171,28.75,Asie-Pacifique
2015,Somalia,SOM,172,27.69,Afrique
2015,Islamic Republic of Iran,IRN,173,27.68,MENA
2015,Sudan,SDN,174,27.66,Afrique
2015,Vietnam,VNM,175,27.37,Asie-Pacifique
2015,China,CHN,176,26.45,Asie-Pacifique
2015,Syrian Arab Republic,SYR,177,22.71,MENA
2015,Turkmenistan,TKM,178,19.17,EEAC
2015,Democratic People's Republic of Korea,PRK,179,16.75,Asie-Pacifique
2015,Eritrea,ERI,180,15.14,Afrique
,,,,,
2014,Finland,FIN,1,93.6,UE Balkans
2014,Netherlands,NLD,2,93.54,UE Balkans
2014,Norway,NOR,3,93.48,UE Balkans
2014,Luxembourg,LUX,4,93.3,UE Balkans
2014,Andorra,AND,5,93.18,UE Balkans
2014,Liechtenstein,LIE,6,92.98,UE Balkans
2014,Denmark,DNK,7,92.57,UE Balkans
2014,Iceland,ISL,8,91.5,UE Balkans
2014,New Zealand,NZL,9,91.45,Asie-Pacifique
2014,Sweden,SWE,10,91.02,UE Balkans
2014,Estonia,EST,11,90.37,UE Balkans
2014,Austria,AUT,12,89.99,UE Balkans
2014,Czech Republic,CZE,13,89.93,UE Balkans
2014,Germany,DEU,14,89.77,UE Balkans
2014,Switzerland,CHE,15,89.53,UE Balkans
2014,Ireland,IRL,16,89.13,UE Balkans
2014,Jamaica,JAM,17,89.1,Amériques
2014,Canada,CAN,18,89.01,Amériques
2014,Poland,POL,19,88.97,UE Balkans
2014,Slovakia,SVK,20,88.61,UE Balkans
2014,Costa Rica,CRI,21,87.77,Amériques
2014,Namibia,NAM,22,87.5,Afrique
2014,Belgium,BEL,23,87.2,UE Balkans
2014,Cape Verde,CPV,24,85.68,Afrique
2014,Cyprus,CYP,25,85.55,UE Balkans
2014,Uruguay,URY,26,83.92,Amériques
2014,Ghana,GHA,27,83.71,Afrique
2014,Australia,AUS,28,83.09,Asie-Pacifique
2014,Belize,BLZ,29,82.95,Amériques
2014,Portugal,PRT,30,82.27,UE Balkans
2014,Suriname,SUR,31,81.8,Amériques
2014,Lithuania,LTU,32,80.8,UE Balkans
2014,United Kingdom,GBR,33,80.07,UE Balkans
2014,Slovenia,SVN,34,79.62,UE Balkans
2014,Spain,ESP,35,79.37,UE Balkans
2014,OECS,XCD,36,79.19,Amériques
2014,Latvia,LVA,37,78.9,UE Balkans
2014,El Salvador,SLV,38,78.43,Amériques
2014,France,FRA,39,78.11,UE Balkans
2014,Samoa,WSM,40,77.98,Asie-Pacifique
2014,Botswana,BWA,41,77.09,Afrique
2014,South Africa,ZAF,42,76.81,Afrique
2014,Trinidad and Tobago,TTO,43,76.72,Amériques
2014,Papua New Guinea,PNG,44,76.54,Asie-Pacifique
2014,Romania,ROU,45,76.52,UE Balkans
2014,United States,USA,46,76.51,Amériques
2014,Haiti,HTI,47,76.47,Amériques
2014,Niger,NER,48,76.41,Afrique
2014,Italy,ITA,49,76.25,UE Balkans
2014,Taiwan,TWN,50,76.18,Asie-Pacifique
2014,Malta,MLT,51,76.16,UE Balkans
2014,Burkina Faso,BFA,52,75.55,Afrique
2014,Comoros,COM,53,75.48,Afrique
2014,Serbia,SRB,54,74.95,UE Balkans
2014,Argentina,ARG,55,74.73,Amériques
2014,Moldova,MDA,56,74.65,EEAC
2014,South Korea,KOR,57,74.34,Asie-Pacifique
2014,Chile,CHL,58,74.2,Amériques
2014,Japan,JPN,59,73.98,Asie-Pacifique
2014,Mauritania,MRT,60,73.47,Afrique
2014,Hong Kong,HKG,61,73.45,Asie-Pacifique
2014,Senegal,SEN,62,73.32,Afrique
2014,Tonga,TON,63,73.3,Asie-Pacifique
2014,Hungary,HUN,64,73.27,UE Balkans
2014,Croatia,HRV,65,73.18,UE Balkans
2014,Bosnia and Herzegovina,BIH,66,73.14,UE Balkans
2014,Guyana,GUY,67,72.92,Amériques
2014,Dominican Republic,DOM,68,72.83,Amériques
2014,Tanzania,TZA,69,72.7,Afrique
2014,Mauritius,MUS,70,72.31,Afrique
2014,Nicaragua,NIC,71,72.3,Amériques
2014,Sierra Leone,SLE,72,71.77,Afrique
2014,Malawi,MWI,73,71.71,Afrique
2014,Lesotho,LSO,74,71.64,Afrique
2014,Benin,BEN,75,71.17,Afrique
2014,Togo,TGO,76,71,Afrique
2014,East Timor,TLS,77,70.96,Asie-Pacifique
2014,Armenia,ARM,78,70.93,EEAC
2014,Mozambique,MOZ,79,70.74,Afrique
2014,Kosovo,XKO,80,70.71,UE Balkans
2014,Madagascar,MDG,81,70.62,Afrique
2014,Congo,COG,82,70.56,Afrique
2014,Cyprus North,CTU,83,70.46,UE Balkans
2014,Georgia,GEO,84,70.22,EEAC
2014,Albania,ALB,85,70.08,UE Balkans
2014,Guinea-Bissau,GNB,86,69.95,Afrique
2014,Panama,PAN,87,69.8,Amériques
2014,Mongolia,MNG,88,69.7,Asie-Pacifique
2014,Liberia,LBR,89,69.35,Afrique
2014,Kenya,KEN,90,69.3,Afrique
2014,Kuwait,KWT,91,69.29,MENA
2014,Bhutan,BTN,92,69.27,Asie-Pacifique
2014,Zambia,ZMB,93,69.11,Afrique
2014,Bolivia,BOL,94,68.96,Amériques
2014,Ecuador,ECU,95,68.84,Amériques
2014,Israel,ISR,96,68.81,MENA
2014,Kyrgyzstan,KGZ,97,68.76,EEAC
2014,Gabon,GAB,98,68.68,Afrique
2014,Greece,GRC,99,68.67,UE Balkans
2014,Bulgaria,BGR,100,68.58,UE Balkans
2014,Ivory Coast,CIV,101,68.37,Afrique
2014,Guinea,GIN,102,68.33,Afrique
2014,Seychelles,SYC,103,68.32,Afrique
2014,Peru,PER,104,68.3,Amériques
2014,Paraguay,PRY,105,68.19,Amériques
2014,Lebanon,LBN,106,68.11,MENA
2014,Fiji,FJI,107,67.43,Asie-Pacifique
2014,Maldives,MDV,108,66.89,Asie-Pacifique
2014,Central African Republic,CAF,109,66.87,Afrique
2014,Uganda,UGA,110,66.71,Afrique
2014,Brazil,BRA,111,65.97,Amériques
2014,Nigeria,NGA,112,65.76,Afrique
2014,Qatar,QAT,113,65.68,MENA
2014,Montenegro,MNE,114,65.22,UE Balkans
2014,Tajikistan,TJK,115,65.14,EEAC
2014,Venezuela,VEN,116,64.63,Amériques
2014,Brunei Darussalam,BRN,117,64.55,Asie-Pacifique
2014,United Arab Emirates,ARE,118,63.97,MENA
2014,South Sudan,SSD,119,63.95,Afrique
2014,Nepal,NPL,120,63.84,Asie-Pacifique
2014,Algeria,DZA,121,63.74,MENA
2014,Mali,MLI,122,63.71,Afrique
2014,North Macedonia,MKD,123,63.57,UE Balkans
2014,Angola,AGO,124,63.5,Afrique
2014,Guatemala,GTM,125,63.39,Amériques
2014,Colombia,COL,126,63.32,Amériques
2014,Ukraine,UKR,127,63.07,EEAC
2014,Afghanistan,AFG,128,62.93,Asie-Pacifique
2014,Honduras,HND,129,62.86,Amériques
2014,Thailand,THA,130,62.06,Asie-Pacifique
2014,Cameroon,CMR,131,61.87,Afrique
2014,Indonesia,IDN,132,61.85,Asie-Pacifique
2014,Tunisia,TUN,133,61.31,MENA
2014,Oman,OMN,134,61.17,MENA
2014,Zimbabwe,ZWE,135,60.81,Afrique
2014,Morocco,MAR,136,60.28,MENA
2014,Libya,LBY,137,60.16,MENA
2014,Palestine,PSE,138,59.89,MENA
2014,Chad,TCD,139,59.78,Afrique
2014,India,IND,140,59.66,Asie-Pacifique
2014,Jordan,JOR,141,59.58,MENA
2014,Burundi,BDI,142,59.5,Afrique
2014,Ethiopia,ETH,143,59.42,Afrique
2014,Cambodia,KHM,144,59.03,Asie-Pacifique
2014,Myanmar,MMR,145,58.57,Asie-Pacifique
2014,Bangladesh,BGD,146,57.42,Asie-Pacifique
2014,Malaysia,MYS,147,57.27,Asie-Pacifique
2014,Russian Federation,RUS,148,57.22,EEAC
2014,Philippines,PHL,149,56.31,Asie-Pacifique
2014,Singapore,SGP,150,55.71,Asie-Pacifique
2014,The Democratic Republic Of The Congo,COD,151,55.36,Afrique
2014,Mexico,MEX,152,54.96,Amériques
2014,Iraq,IRQ,153,54.56,MENA
2014,Turkey,TUR,154,54.13,EEAC
2014,Gambia,GMB,155,53.58,Afrique
2014,Eswatini,SWZ,156,53.24,Afrique
2014,Belarus,BLR,157,52.18,EEAC
2014,Pakistan,PAK,158,48.54,Asie-Pacifique
2014,Egypt,EGY,159,48.11,MENA
2014,Azerbaijan,AZE,160,47.13,EEAC
2014,Kazakhstan,KAZ,161,45.06,EEAC
2014,Rwanda,RWA,162,43.43,Afrique
2014,Bahrain,BHR,163,41.74,MENA
2014,Saudi Arabia,SAU,164,41.7,MENA
2014,Sri Lanka,LKA,165,40.87,Asie-Pacifique
2014,Uzbekistan,UZB,166,38.99,EEAC
2014,Yemen,YEM,167,32.74,MENA
2014,Equatorial Guinea,GNQ,168,32.05,Afrique
2014,Djibouti,DJI,169,29.66,Afrique
2014,Cuba,CUB,170,29.08,Amériques
2014,Lao People's Democratic Republic,LAO,171,28.78,Asie-Pacifique
2014,Sudan,SDN,172,28.12,Afrique
2014,Islamic Republic of Iran,IRN,173,27.71,MENA
2014,Vietnam,VNM,174,27.64,Asie-Pacifique
2014,China,CHN,175,27.09,Asie-Pacifique
2014,Somalia,SOM,176,26.81,Afrique
2014,Syrian Arab Republic,SYR,177,22.96,MENA
2014,Turkmenistan,TKM,178,19.19,EEAC
2014,Democratic People's Republic of Korea,PRK,179,18.04,Asie-Pacifique
2014,Eritrea,ERI,180,15.17,Afrique
,,,,,
2013,Finland,FIN,1,93.62,UE Balkans
2013,Netherlands,NLD,2,93.52,UE Balkans
2013,Norway,NOR,3,93.48,UE Balkans
2013,Luxembourg,LUX,4,93.32,UE Balkans
2013,Andorra,AND,5,93.18,UE Balkans
2013,Denmark,DNK,6,92.92,UE Balkans
2013,Liechtenstein,LIE,7,92.65,UE Balkans
2013,New Zealand,NZL,8,91.62,Asie-Pacifique
2013,Iceland,ISL,9,91.51,UE Balkans
2013,Sweden,SWE,10,90.77,UE Balkans
2013,Estonia,EST,11,90.74,UE Balkans
2013,Austria,AUT,12,90.6,UE Balkans
2013,Jamaica,JAM,13,90.12,Amériques
2013,Switzerland,CHE,14,90.06,UE Balkans
2013,Ireland,IRL,15,89.94,UE Balkans
2013,Czech Republic,CZE,16,89.83,UE Balkans
2013,Germany,DEU,17,89.76,UE Balkans
2013,Costa Rica,CRI,18,87.92,Amériques
2013,Namibia,NAM,19,87.5,Afrique
2013,Canada,CAN,20,87.31,Amériques
2013,Belgium,BEL,21,87.06,UE Balkans
2013,Poland,POL,22,86.89,UE Balkans
2013,Slovakia,SVK,23,86.75,UE Balkans
2013,Cyprus,CYP,24,86.17,UE Balkans
2013,Cape Verde,CPV,25,85.67,Afrique
2013,Australia,AUS,26,84.76,Asie-Pacifique
2013,Uruguay,URY,27,84.08,Amériques
2013,Portugal,PRT,28,83.25,UE Balkans
2013,United Kingdom,GBR,29,83.11,UE Balkans
2013,Ghana,GHA,30,82.73,Afrique
2013,Suriname,SUR,31,81.81,Amériques
2013,United States,USA,32,81.78,Amériques
2013,Lithuania,LTU,33,81.76,UE Balkans
2013,OECS,XCD,34,80.28,Amériques
2013,Slovenia,SVN,35,79.51,UE Balkans
2013,Spain,ESP,36,79.5,UE Balkans
2013,France,FRA,37,78.4,UE Balkans
2013,El Salvador,SLV,38,77.14,Amériques
2013,Latvia,LVA,39,77.11,UE Balkans
2013,Botswana,BWA,40,77.09,Afrique
2013,Papua New Guinea,PNG,41,77.03,Asie-Pacifique
2013,Romania,ROU,42,76.95,UE Balkans
2013,Niger,NER,43,76.92,Afrique
2013,Trinidad and Tobago,TTO,44,76.88,Amériques
2013,Malta,MLT,45,76.7,UE Balkans
2013,Burkina Faso,BFA,46,76.3,Afrique
2013,Taiwan,TWN,47,76.18,Asie-Pacifique
2013,Samoa,WSM,48,76.16,Asie-Pacifique
2013,Haiti,HTI,49,75.91,Amériques
2013,South Korea,KOR,50,75.52,Asie-Pacifique
2013,Comoros,COM,51,75.48,Afrique
2013,South Africa,ZAF,52,75.44,Afrique
2013,Japan,JPN,53,74.83,Asie-Pacifique
2013,Argentina,ARG,54,74.33,Amériques
2013,Moldova,MDA,55,73.99,EEAC
2013,Hungary,HUN,56,73.91,UE Balkans
2013,Italy,ITA,57,73.89,UE Balkans
2013,Hong Kong,HKG,58,73.84,Asie-Pacifique
2013,Senegal,SEN,59,73.81,Afrique
2013,Chile,CHL,60,73.76,Amériques
2013,Sierra Leone,SLE,61,73.65,Afrique
2013,Mauritius,MUS,62,73.53,Afrique
2013,Serbia,SRB,63,73.41,UE Balkans
2013,Central African Republic,CAF,65,73.39,Afrique
2013,Croatia,HRV,64,73.39,UE Balkans
2013,Tonga,TON,66,73.3,Asie-Pacifique
2013,Mauritania,MRT,67,73.24,Afrique
2013,Bosnia and Herzegovina,BIH,68,73.14,UE Balkans
2013,Guyana,GUY,69,72.92,Amériques
2013,Tanzania,TZA,70,72.66,Afrique
2013,Kenya,KEN,71,72.2,Afrique
2013,Zambia,ZMB,72,72.07,Afrique
2013,Mozambique,MOZ,73,71.99,Afrique
2013,Armenia,ARM,74,71.96,EEAC
2013,Malawi,MWI,75,71.82,Afrique
2013,Congo,COG,76,71.8,Afrique
2013,Kuwait,KWT,77,71.72,MENA
2013,Nicaragua,NIC,78,71.69,Amériques
2013,Benin,BEN,79,71.67,Afrique
2013,Dominican Republic,DOM,80,71.66,Amériques
2013,Lesotho,LSO,81,71.64,Afrique
2013,Bhutan,BTN,82,71.58,Asie-Pacifique
2013,Togo,TGO,83,71.55,Afrique
2013,Greece,GRC,84,71.54,UE Balkans
2013,Kosovo,XKO,85,71.53,UE Balkans
2013,Guinea,GIN,86,71.51,Afrique
2013,Bulgaria,BGR,87,71.42,UE Balkans
2013,Madagascar,MDG,88,71.38,Afrique
2013,Gabon,GAB,89,71.31,Afrique
2013,East Timor,TLS,90,71.28,Asie-Pacifique
2013,Paraguay,PRY,91,71.22,Amériques
2013,Guinea-Bissau,GNB,92,71.06,Afrique
2013,Seychelles,SYC,93,70.81,Afrique
2013,Cyprus North,CTU,94,70.66,UE Balkans
2013,Guatemala,GTM,95,70.61,Amériques
2013,Ivory Coast,CIV,96,70.23,Afrique
2013,Liberia,LBR,97,70.11,Afrique
2013,Mongolia,MNG,98,70.07,Asie-Pacifique
2013,Mali,MLI,99,69.97,Afrique
2013,Georgia,GEO,100,69.91,EEAC
2013,Lebanon,LBN,101,69.85,MENA
2013,Albania,ALB,102,69.12,UE Balkans
2013,Maldives,MDV,103,68.9,Asie-Pacifique
2013,Uganda,UGA,104,68.31,Afrique
2013,Peru,PER,105,68.13,Amériques
2013,Kyrgyzstan,KGZ,106,67.8,EEAC
2013,Fiji,FJI,107,67.31,Asie-Pacifique
2013,Brazil,BRA,108,67.25,Amériques
2013,Bolivia,BOL,109,67.2,Amériques
2013,Qatar,QAT,110,67.14,MENA
2013,Panama,PAN,111,67.05,Amériques
2013,Israel,ISR,112,67.03,MENA
2013,Montenegro,MNE,113,67.03,UE Balkans
2013,United Arab Emirates,ARE,114,66.51,MENA
2013,Nigeria,NGA,115,65.89,Afrique
2013,North Macedonia,MKD,116,65.73,UE Balkans
2013,Venezuela,VEN,117,65.56,Amériques
2013,Nepal,NPL,118,65.39,Asie-Pacifique
2013,Ecuador,ECU,119,65.31,Amériques
2013,Cameroon,CMR,120,65.22,Afrique
2013,Chad,TCD,121,65.13,Afrique
2013,Brunei Darussalam,BRN,122,64.55,Asie-Pacifique
2013,Tajikistan,TJK,123,64.29,EEAC
2013,South Sudan,SSD,124,63.8,Afrique
2013,Algeria,DZA,125,63.46,MENA
2013,Ukraine,UKR,126,63.21,EEAC
2013,Honduras,HND,127,63.08,Amériques
2013,Afghanistan,AFG,128,62.64,Asie-Pacifique
2013,Colombia,COL,129,62.52,Amériques
2013,Angola,AGO,130,62.2,Afrique
2013,Libya,LBY,131,62.14,MENA
2013,Burundi,BDI,132,61.98,Afrique
2013,Zimbabwe,ZWE,133,61.88,Afrique
2013,Jordan,JOR,134,61.53,MENA
2013,Thailand,THA,135,61.4,Asie-Pacifique
2013,Morocco,MAR,136,60.96,MENA
2013,Ethiopia,ETH,137,60.43,Afrique
2013,Tunisia,TUN,138,60.07,MENA
2013,Indonesia,IDN,139,58.95,Asie-Pacifique
2013,India,IND,140,58.78,Asie-Pacifique
2013,Oman,OMN,141,58.49,MENA
2013,The Democratic Republic Of The Congo,COD,142,58.34,Afrique
2013,Cambodia,KHM,143,58.19,Asie-Pacifique
2013,Bangladesh,BGD,144,57.99,Asie-Pacifique
2013,Malaysia,MYS,145,57.27,Asie-Pacifique
2013,Palestine,PSE,146,56.91,MENA
2013,Philippines,PHL,147,56.89,Asie-Pacifique
2013,Russian Federation,RUS,148,56.58,EEAC
2013,Singapore,SGP,149,56.57,Asie-Pacifique
2013,Iraq,IRQ,150,55.33,MENA
2013,Myanmar,MMR,151,55.29,Asie-Pacifique
2013,Gambia,GMB,152,54.91,Afrique
2013,Mexico,MEX,153,54.7,Amériques
2013,Turkey,TUR,154,53.44,EEAC
2013,Eswatini,SWZ,155,53.24,Afrique
2013,Azerbaijan,AZE,156,52.27,EEAC
2013,Belarus,BLR,157,51.65,EEAC
2013,Egypt,EGY,158,51.34,MENA
2013,Pakistan,PAK,159,48.69,Asie-Pacifique
2013,Kazakhstan,KAZ,160,44.92,EEAC
2013,Rwanda,RWA,161,44.54,Afrique
2013,Sri Lanka,LKA,162,43.41,Asie-Pacifique
2013,Saudi Arabia,SAU,163,43.12,MENA
2013,Uzbekistan,UZB,164,39.61,EEAC
2013,Bahrain,BHR,165,37.25,MENA
2013,Equatorial Guinea,GNQ,166,32.8,Afrique
2013,Djibouti,DJI,167,32.6,Afrique
2013,Lao People's Democratic Republic,LAO,168,32.01,Asie-Pacifique
2013,Yemen,YEM,169,30.78,MENA
2013,Sudan,SDN,170,29.94,Afrique
2013,Cuba,CUB,171,28.36,Amériques
2013,Vietnam,VNM,172,28.22,Asie-Pacifique
2013,China,CHN,173,26.93,Asie-Pacifique
2013,Islamic Republic of Iran,IRN,174,26.6,MENA
2013,Somalia,SOM,175,26.41,Afrique
2013,Syrian Arab Republic,SYR,176,21.47,MENA
2013,Turkmenistan,TKM,177,20.86,EEAC
2013,Democratic People's Republic of Korea,PRK,178,16.1,Asie-Pacifique
2013,Eritrea,ERI,179,15.17,Afrique
