Case URL,Case Filing Year for Action,Status,Case Categories,Geographies,agriculture,construction,education,energy_supply,enviromental_management,extractive,finance_insurance,fishing,forestry,informal,manufacturing,media,public,trade,transportation_logistics,water_management,num_sectors
https://www.climatecasechart.com/document/a-request-for-an-advisory-opinion-from-the-inter-american-court-of-human-rights-concerning-the-interpretation-of-article-1-1-4-1-and-5-1-of-the-american-convention-on-human-rights_8b54,2016,Decided,Advisory Opinions,XAB,0,0,0,0,0,0,0,0,0,1,0,0,0,0,0,0,1
https://www.climatecasechart.com/document/a-sud-et-al-v-italy_004c,2021,Under Appeal,GHG emissions reduction and trading;Human Rights;Other;Suits against governments,ITA,0,0,0,0,0,0,0,0,1,0,1,0,0,0,0,0,2
https://www.climatecasechart.com/document/ack-residents-against-turbines-v-u-s-bureau-of-ocean-energy-management_448e,2021,Notice of appeal filed by plaintiffs.,Endangered Species Act and Other Wildlife Protection Statutes;Federal Statutory Claims;NEPA,USA;US-MA,0,0,0,0,0,0,0,1,1,0,0,0,0,0,0,0,2
https://www.climatecasechart.com/document/ado-54-amazon-deforestation_bec3,2019,Decided,Protecting biodiversity and ecosystems;Suits against governments,BRA,0,0,0,0,0,0,0,0,0,1,0,0,0,0,0,0,1
https://www.climatecasechart.com/document/adpf-746-fires-in-the-pantanal-and-the-amazon-forest_5747,2020,Decided,Human Rights;Indigenous Groups;Right to a healthy environment;Suits against governments;Youth/Children,BRA,0,0,0,0,0,0,0,0,0,1,0,0,0,0,0,1,2
https://www.climatecasechart.com/document/adpf-857-pantanal-wildfires_c3e6,2021,Decided,Protecting biodiversity and ecosystems;Suits against governments,BRA,0,0,0,0,0,0,0,0,1,1,0,0,0,0,0,1,3
https://www.climatecasechart.com/document/advocates-for-a-cleaner-tacoma-v-puget-sound-clean-air-agency_bbcc,2021,Petition for judicial review filed by Puyallup Tribe of Indians.,Environmentalist Lawsuits;State Impact Assessment Laws;State Law Claims,USA;US-WA,0,0,0,0,0,0,0,0,0,0,0,0,0,0,0,1,1
https://www.climatecasechart.com/document/af-kiribati-teitiota-v-the-chief-executive-of-ministry-of-business-innovation-and-employment_78a8,2013,Decided,Suits against governments;Climate migration;Human Rights,NZL,0,0,0,0,0,0,0,0,0,1,0,0,0,0,0,0,1
https://www.climatecasechart.com/document/africa-climate-alliance-et-al-v-minister-of-mineral-resources-energy-et-al-cancelcoal-case_a360,2021,Decided,Environmental assessment and permitting;Suits against governments;Utilities,ZAF,0,0,0,0,0,0,0,0,0,1,0,0,0,0,0,1,2
https://www.climatecasechart.com/document/aji-p-v-state-of-washington_2a62,2018,Dismissal affirmed.,Environmentalist Lawsuits;Public Trust Claims;State Law Claims,USA;US-WA,0,0,0,0,0,0,0,0,0,1,0,0,0,0,0,0,1
https://www.climatecasechart.com/document/alaska-community-action-on-toxics-v-council-on-environmental-quality_60a4,2020,Joint status report and unopposed motion to extend stay of case by 120 days filed.,Federal Statutory Claims;NEPA,USA;US-CA,0,0,0,0,0,0,0,0,0,0,0,0,0,0,0,1,1
https://www.climatecasechart.com/document/alaska-industrial-development-export-authority-v-biden_7a05,2021,Plaintiff's motion to alter or amend and intervenor-plaintiff's motion for relief from final judgment denied.,Federal Statutory Claims;Other Statutes and Regulations,USA;US-AK,0,0,0,0,0,0,0,0,1,0,0,0,0,0,0,0,1
https://www.climatecasechart.com/document/alaska-v-ross_7853,2013,Certiorari denied.,Endangered Species Act and Other Wildlife Protection Statutes;Federal Statutory Claims,USA;US-AK,0,0,0,0,0,0,0,0,0,1,0,0,0,0,0,0,1
https://www.climatecasechart.com/document/alaska-wilderness-league-v-jewell_a49a,2008,Opening brief submitted. ,Federal Statutory Claims;NEPA,USA;US-AK,0,0,0,0,0,0,0,0,0,1,0,0,0,0,0,0,1
https://www.climatecasechart.com/document/alatna-village-council-v-padgett_67b1,2020,Fourth status report filed by defendants.,Federal Statutory Claims;NEPA;Other Statutes and Regulations,USA;US-AK,0,0,0,0,0,0,0,0,0,1,0,0,0,0,0,0,1
https://www.climatecasechart.com/document/alberta-v-the-government-of-ontario_1470,2021,Pending,Environmental assessment and permitting;Suits against governments,CAN,0,0,0,0,0,0,0,1,0,0,0,0,0,0,0,0,1
https://www.climatecasechart.com/document/allco-renewable-energy-ltd-v-haaland-vineyard-wind_5627,2021,Notice of appeal filed by plaintiff.,Clean Water Act;Endangered Species Act and Other Wildlife Protection Statutes;Federal Statutory Claims;NEPA;Other Statutes and Regulations,USA;US-MA,0,0,0,0,0,0,0,1,1,0,0,0,0,0,0,1,3
https://www.climatecasechart.com/document/allhoff-cramer-v-volkswagen-ag_822d,2021,Decided,"Corporations;Suits against corporations, individuals;GHG emissions reduction",DEU,0,0,0,0,0,0,0,0,0,0,1,0,0,0,0,0,1
https://www.climatecasechart.com/document/alliance-for-water-efficiency-v-u-s-department-of-energy_13c4,2021,Motion to unconsolidate and transfer granted.,Federal Statutory Claims;Other Statutes and Regulations,USA,0,0,0,0,0,0,0,0,0,0,1,0,0,0,0,1,2
https://www.climatecasechart.com/document/alliance-for-water-efficiency-v-u-s-department-of-energy_6843,2021,Motion for stay pending review filed.,Federal Statutory Claims;Other Statutes and Regulations,USA,0,0,0,0,0,0,0,0,0,0,1,0,0,0,0,1,2
https://www.climatecasechart.com/document/alliance-for-water-efficiency-v-u-s-department-of-energy_834c,2021,Appeal voluntarily dismissed.,Federal Statutory Claims;Other Statutes and Regulations,USA,0,0,0,0,1,0,0,0,0,0,1,0,0,0,0,1,3
https://www.climatecasechart.com/document/american-petroleum-institute-v-u-s-department-of-the-interior_bf13,2021,Parties stipulated to the dismissal of the plaintiffs' first supplemental and amended complaint.,Federal Statutory Claims;NEPA;Other Statutes and Regulations,USA;US-LA,0,0,0,0,0,0,0,0,1,0,0,0,0,0,0,0,1
https://www.climatecasechart.com/document/amorema-e-amoretgrap-vs-sustainable-carbon-and-others-carbon-credits-and-extractive-reserves_cbad,2021,Pending,"Carbon credits;Corporations;Suits against corporations, individuals",BRA;BR-PA,0,0,0,0,0,0,0,0,1,0,0,0,0,0,0,0,1
https://www.climatecasechart.com/document/animal-legal-defense-fund-v-azar_ba1a,2020,Motions to dismiss denied.,Federal Statutory Claims;NEPA;Other Statutes and Regulations,USA;US-CA,0,0,0,0,0,0,0,0,0,0,0,0,0,0,0,1,1
https://www.climatecasechart.com/document/animal-legal-defense-fund-v-foster-poultry-farms_5ab9,2020,Complaint filed.,Actions seeking adaptation measures;Adaptation;Other Types of State Law Cases;State Law Claims,USA;US-CA,0,0,0,0,0,0,0,0,0,0,0,0,0,0,0,1,1
https://www.climatecasechart.com/document/anne-arundel-county-v-bp-p-l-c_33cf,2021,Letter order issued directing the Clerk to remand the case to the Circuit Court for Anne Arundel County.,Actions seeking money damages for losses;Adaptation;Common Law Claims,USA;US-MD,0,0,0,0,0,0,0,0,0,0,1,0,0,0,0,1,2
https://www.climatecasechart.com/document/anne-arundel-county-v-bp-p-l-c_a9b7,2021,Motions to dismiss granted.,Actions seeking money damages for losses;Adaptation;Common Law Claims,USA;US-MD,0,0,0,0,0,0,0,0,1,0,1,0,0,0,0,1,3
https://www.climatecasechart.com/document/anne-arundel-county-v-bp-p-l-c_fde5,2021,Remand orders affirmed.,Actions seeking money damages for losses;Adaptation;Common Law Claims,USA;US-MD,0,0,0,0,0,0,0,0,0,0,1,0,0,0,0,1,2
https://www.climatecasechart.com/document/aqualliance-v-u-s-bureau-of-reclamation_0f46,2020,Complaint filed.,Federal Statutory Claims;NEPA;Public Trust Claims;State Impact Assessment Laws;State Law Claims,USA;US-CA,0,0,0,0,0,0,0,0,0,0,0,0,0,0,0,1,1
https://www.climatecasechart.com/document/aqualliance-v-u-s-bureau-of-reclamation_74b0,2021,Motion for voluntary dismissal granted.,Actions seeking adaptation measures;Adaptation;Federal Statutory Claims;NEPA,USA;US-CA,0,0,0,0,0,0,0,0,1,0,0,0,0,0,0,1,2
https://www.climatecasechart.com/document/aqualliance-v-u-s-bureau-of-reclamation_d262,2021,Notice of dismissal without prejudice filed.,Actions seeking adaptation measures;Adaptation;Federal Statutory Claims;NEPA,USA;US-CA,0,0,0,0,0,0,0,0,0,0,0,0,0,0,0,1,1
https://www.climatecasechart.com/document/arayara-association-of-education-and-culture-and-others-v-funai-copelmi-mineracao-ltda-and-fepam-mina-guaiba-project-and-affected-indigenous-communities_be97,2019,Decided,"Corporations;Environmental assessment and permitting;Human Rights;Indigenous Groups;Suits against corporations, individuals;Suits against governments",BRA;BR-RS,0,0,0,0,0,0,0,0,0,1,0,0,0,0,0,0,1
https://www.climatecasechart.com/document/arayara-association-of-education-and-culture-vs-copelmi-mineracao-ltda-and-fepam-guaiba-mine-project-and-hydrological-risks_2287,2020,Decided,Environmental assessment and permitting;Natural resource extraction;Suits against governments,BRA;BR-RS,0,0,0,0,0,0,0,0,0,0,0,0,0,0,0,1,1
https://www.climatecasechart.com/document/arizona-v-mayorkas_c918,2021,Stipulation of dismissal granted and claims dismissed with prejudice.,Federal Statutory Claims;NEPA,USA;US-AZ,0,0,0,0,1,0,0,0,1,0,1,0,0,0,0,0,3
https://www.climatecasechart.com/document/armando-ferrao-carvalho-and-others-v-the-european-parliament-and-the-council_835a,2018,Decided,EU ETS;GHG emissions reduction and trading;Human Rights;Other;Suits against governments,XAB,0,0,0,0,0,0,0,0,0,1,0,0,0,0,0,0,1
https://www.climatecasechart.com/document/asociacion-civil-por-la-justicia-ambiental-v-province-of-entre-rios-et-al-delta-del-parana-case_c735,2020,Pending,GHG emissions reduction and trading;Human Rights;Other;Protecting biodiversity and ecosystems;Suits against governments,ARG,0,0,0,0,0,0,0,0,0,0,0,0,0,0,0,1,1
https://www.climatecasechart.com/document/associacao-brasileira-dos-membros-do-ministerio-publico-de-meio-ambiente-vs-ministro-de-estado-do-meio-ambiente-adpf-814_fa7a,2020,Decided,GHG emissions reduction and trading;Other;Suits against governments,BRA,0,0,0,0,0,0,0,0,0,1,0,0,0,0,0,0,1
https://www.climatecasechart.com/document/associacao-sos-amazonia-and-other-vs-federal-union-and-others-br-364-road-environmental-licensing_b5c1,2021,Pending,Environmental assessment and permitting;Other projects;Suits against governments,BRA;BR-AC,0,0,0,0,0,0,0,0,1,1,1,0,0,0,0,0,3
https://www.climatecasechart.com/document/atrato-river-decision-t-622-16-of-november-10-2016_976c,2015,Decided,Human Rights;Right to a healthy environment;Suits against governments,COL,0,0,0,0,0,0,0,0,0,1,0,0,0,0,0,0,1
https://www.climatecasechart.com/document/backcountry-against-dumps-v-u-s-bureau-of-indian-affairs_7fb0,2020,Case closed and transferred to the Southern District of California.,Endangered Species Act and Other Wildlife Protection Statutes;Federal Statutory Claims;NEPA,USA;US-CA,0,0,0,0,0,0,0,0,0,0,0,0,0,0,0,1,1
https://www.climatecasechart.com/document/baihua-caiga-et-al-v-petrooriental-s-a_beae,2020,Decided,"Climate damage;Corporations;GHG emissions reduction;Suits against corporations, individuals",ECU,0,0,0,0,0,0,0,0,0,1,0,0,0,0,0,0,1
https://www.climatecasechart.com/document/ballona-ecosystem-education-project-v-california-department-of-fish-wildlife_0e26,2021,Judgment rejecting plaintiff-appellant's arguments affirmed.,Adaptation;Reverse Impact Assessment;State Impact Assessment Laws;State Law Claims,USA;US-CA,0,0,0,0,0,0,0,0,0,0,0,0,0,0,0,1,1
https://www.climatecasechart.com/document/bartoli-jorge-et-al-v-santa-fe-province_c6d0,2020,Decided,Protecting biodiversity and ecosystems;Suits against governments,ARG,0,0,0,0,0,0,0,0,0,0,0,0,0,0,0,1,1
https://www.climatecasechart.com/document/belgische-federatie-der-brandstoffenhandelaars-vzw-and-others-and-lamine-v-flemish-government_8f1a,2021,Decided,Suits against governments,BEL,0,0,0,0,0,0,0,0,0,0,0,0,0,0,0,1,1
https://www.climatecasechart.com/document/bentley-v-oatly-group-ab_eb28,2021,"Court issued order dismissing the complaint and stating that amended complaints and motions to be appointed lead plaintiff and lead counsel were due December 1, 2021.",Securities and Financial Regulation,USA;US-NY,0,0,0,0,0,0,0,0,0,0,1,0,0,0,0,0,1
https://www.climatecasechart.com/document/bgh-edelstahl-siegen-gmbh-v-united-states_6928,2021,U.S. Department of Commerceâ€™s remand redetermination in the 2018 investigation of the countervailing duty order covering forged steel fluid end blocks from Germany sustained in part and remanded in part.,Trade Agreements,USA,0,0,0,0,0,0,0,0,1,0,1,0,0,0,0,1,3
https://www.climatecasechart.com/document/bushfire-survivors-for-climate-action-incorporated-v-environmental-protection-authority_35c5,2020,Decided,GHG emissions reduction and trading;Other;Suits against governments,AU-NSW;AUS,0,0,0,0,0,0,0,0,0,0,0,0,0,0,0,1,1
https://www.climatecasechart.com/document/california-natural-resources-agency-v-ross_6ec8,2020,Order issued setting forth interim operations plan.,Endangered Species Act and Other Wildlife Protection Statutes;Federal Statutory Claims;NEPA,USA;US-CA,0,0,0,0,0,0,0,0,0,0,0,0,0,0,0,1,1
https://www.climatecasechart.com/document/california-resources-production-corp-v-antioch-city-council_3d78,2021,Appellate court affirmed the judgment entered in favor of the City Council and denied the petition for writ of mandate.,Industry Lawsuits;State Law Claims,USA;US-CA,0,0,0,0,0,0,0,0,0,0,1,0,0,0,0,0,1
https://www.climatecasechart.com/document/california-trucking-association-v-south-coast-air-quality-management-district_b2fc,2021,"Summary judgment granted to defendants with respect to the claims brought under the CAA, ADA, and FAAAA. ",Clean Air Act;Constitutional Claims;Federal Statutory Claims;Industry Lawsuits;Industry Lawsuits;Other Constitutional Claims;Other Regulation;State Law Claims,USA;US-CA,0,0,0,0,0,0,0,0,0,0,0,0,0,0,0,1,1
https://www.climatecasechart.com/document/california-v-council-on-environmental-quality_9718,2020,Joint status report and unopposed motion to extend stay of case by 120 days filed.,Federal Statutory Claims;NEPA,USA;US-CA,0,0,0,0,0,0,0,0,0,0,0,0,0,0,0,1,1
https://www.climatecasechart.com/document/california-v-epa_0c51,2021,Petitions for review denied.,Clean Air Act;Environmentalist Lawsuits;Federal Statutory Claims,USA;US-DC,0,0,0,0,0,0,0,0,1,0,1,0,0,0,0,1,3
https://www.climatecasechart.com/document/california-v-federal-aviation-administration_13c4,2020,Petition for review filed.,Federal Statutory Claims;NEPA,USA,0,0,0,0,0,0,0,0,0,0,0,0,0,0,0,1,1
https://www.climatecasechart.com/document/california-v-haaland_ef2f,2021,Proceedings stayed to allow rules rescinding the challenged rules to become effective.,Endangered Species Act and Other Wildlife Protection Statutes;Federal Statutory Claims,USA;US-CA,0,0,0,0,0,0,0,0,1,0,0,0,0,0,0,0,1
https://www.climatecasechart.com/document/california-v-regan_82bf,2020,Motion filed by all petitioners for voluntary dismissal.,Clean Air Act;Environmentalist Lawsuits;Federal Statutory Claims,USA;US-DC,0,0,0,0,0,0,0,0,0,0,0,0,0,0,0,1,1
https://www.climatecasechart.com/document/california-v-stout_38c9,2020,Motion for summary judgment filed by California.,Federal Statutory Claims;NEPA,USA;US-CA,0,0,0,0,0,0,0,0,0,0,0,0,0,0,0,1,1
https://www.climatecasechart.com/document/california-v-u-s-department-of-energy_5cd7,2021,Status report filed by petitioners.,Federal Statutory Claims;Other Statutes and Regulations,USA,0,0,0,0,0,0,0,0,0,0,1,0,0,0,0,1,2
https://www.climatecasechart.com/document/california-v-u-s-department-of-energy_7be8,2020,Respondents' motion to further stay appellate proceedings granted.,Federal Statutory Claims;Other Statutes and Regulations,USA,0,0,0,0,0,0,0,0,0,0,0,0,0,0,0,1,1
https://www.climatecasechart.com/document/california-v-wheeler_91b4,2020,Motion for voluntary remand granted.,Clean Water Act;Federal Statutory Claims,USA;US-CA,0,0,0,0,0,0,0,0,0,0,0,0,0,0,0,1,1
https://www.climatecasechart.com/document/cemda-v-rise-of-legacy-transmission-rates_c2d5,2020,Decided,Suits against governments;Other;GHG emissions reduction and trading,MEX,0,0,0,0,0,0,0,0,0,1,0,0,0,0,0,0,1
https://www.climatecasechart.com/document/center-for-biological-diversity-v-bernhardt_3be4,2020,Unopposed joint motion filed to approve stipulated settlement agreement and to dismiss case.,Endangered Species Act and Other Wildlife Protection Statutes;Federal Statutory Claims;Other Statutes and Regulations,USA;US-AZ,0,0,0,0,0,0,0,0,0,0,0,0,0,0,0,1,1
https://www.climatecasechart.com/document/center-for-biological-diversity-v-bernhardt_9572,2020,Notice of appeal filed by federal defendants.,Endangered Species Act and Other Wildlife Protection Statutes;Federal Statutory Claims,USA;US-AZ,0,0,0,0,0,0,0,0,0,0,0,0,0,0,0,1,1
https://www.climatecasechart.com/document/center-for-biological-diversity-v-bernhardt_f42f,2018,Defendants' motion for summary judgment granted.,Endangered Species Act and Other Wildlife Protection Statutes;Federal Statutory Claims,USA;US-AK,0,0,0,0,0,0,0,0,0,1,0,0,0,0,0,0,1
https://www.climatecasechart.com/document/center-for-biological-diversity-v-bureau-of-land-management_0745,2020,Amended complaint for declaratory and injunctive relief filed.,Federal Statutory Claims;NEPA;Other Statutes and Regulations,USA;US-AK,0,0,0,0,0,0,0,0,0,1,0,0,0,0,0,0,1
https://www.climatecasechart.com/document/center-for-biological-diversity-v-california-geological-energy-management-division_7156,2021,CalGEM and industry group motions for judgment on the pleadings denied.,State Law Claims;State Impact Assessment Laws,USA;US-CA,0,0,0,0,0,0,0,0,0,0,0,0,0,0,0,1,1
https://www.climatecasechart.com/document/center-for-biological-diversity-v-federal-energy-regulatory-commission_dcfa,2020,Petition for review dismissed for lack of jurisdiction to the extent the issues raised in the petition were not exhausted and otherwise denied on the merits.,Federal Statutory Claims;NEPA;Other Statutes and Regulations,USA;US-DC,0,0,0,0,0,0,0,0,0,0,0,0,0,0,0,1,1
https://www.climatecasechart.com/document/center-for-biological-diversity-v-haaland_4994,2021,Stipulated settlement agreement filed.,Endangered Species Act and Other Wildlife Protection Statutes;Federal Statutory Claims,USA;US-DC,0,0,0,0,0,0,0,0,1,0,0,0,0,0,0,0,1
https://www.climatecasechart.com/document/center-for-biological-diversity-v-haaland_61b3,2021,Stipulated settlement agreement so-ordered.,Endangered Species Act and Other Wildlife Protection Statutes;Federal Statutory Claims,USA;US-CA,0,0,0,0,0,0,0,0,1,0,0,0,0,0,0,0,1
https://www.climatecasechart.com/document/center-for-biological-diversity-v-spellmon_cdab,2021,Case transferred to the federal district court for the District of Columbia.,Clean Water Act;Endangered Species Act and Other Wildlife Protection Statutes;Federal Statutory Claims;NEPA,USA;US-MT,0,0,0,0,0,0,0,0,1,0,1,0,0,0,0,0,2
https://www.climatecasechart.com/document/center-for-biological-diversity-v-u-s-army-corps-of-engineers_1ac6,2020,Matter remanded without vacatur and action dismissed in light of the suspension of the permit and remand.,Clean Water Act;Federal Statutory Claims;NEPA;Other Statutes and Regulations,USA;US-DC,0,0,0,0,0,0,0,0,0,0,0,0,0,0,0,1,1
https://www.climatecasechart.com/document/center-for-biological-diversity-v-u-s-bureau-of-land-management_5655,2021,Summary judgment granted to plaintiffs on some claims and to defendants on others.,Endangered Species Act and Other Wildlife Protection Statutes;Federal Statutory Claims;NEPA;Other Statutes and Regulations,USA;US-CA,0,0,0,0,0,0,0,0,1,0,0,0,0,0,0,0,1
https://www.climatecasechart.com/document/center-for-biological-diversity-v-u-s-bureau-of-land-management_bce5,2020,Stipulated settlement agreement filed.,Federal Statutory Claims;NEPA,USA;US-CA,0,0,0,0,0,0,0,0,0,0,0,0,0,0,0,1,1
https://www.climatecasechart.com/document/center-for-biological-diversity-v-u-s-bureau-of-reclamation_dd1c,2020,Memorandum filed by federal defendants in response to plaintiffs' motion for summary judgment and in support of cross-motion for summary judgment.,Federal Statutory Claims;NEPA,USA;US-CA,0,0,0,0,0,0,0,0,0,0,0,0,0,0,0,1,1
https://www.climatecasechart.com/document/center-for-biological-diversity-v-u-s-fish-wildlife-service_6ab8,2021,Parties filed stipulated settlement agreement.,Endangered Species Act and Other Wildlife Protection Statutes;Federal Statutory Claims,USA;US-DC,0,0,0,0,0,0,0,0,1,0,0,0,0,0,0,0,1
https://www.climatecasechart.com/document/center-for-biological-diversity-v-u-s-fish-wildlife-service_83a6,2021,Biological opinion set aside and vacated and implementation of project enjoined.,Clean Water Act;Endangered Species Act and Other Wildlife Protection Statutes;Federal Statutory Claims;NEPA,USA;US-CA,0,0,0,0,0,0,0,0,0,0,0,0,0,0,0,1,1
https://www.climatecasechart.com/document/center-for-biological-diversity-v-u-s-fish-wildlife-service_fade,2021,Summary judgment granted for defendants.,Endangered Species Act and Other Wildlife Protection Statutes;Federal Statutory Claims,USA;US-DC,0,0,0,0,0,0,0,0,1,0,0,0,0,0,0,0,1
https://www.climatecasechart.com/document/center-for-biological-diversity-v-u-s-maritime-administration_5e14,2021,MARAD ordered to initiate consultation.,Endangered Species Act and Other Wildlife Protection Statutes;Federal Statutory Claims,USA;US-VA,0,0,0,0,0,0,0,1,1,0,0,0,0,0,0,0,2
https://www.climatecasechart.com/document/center-for-community-action-environmental-justice-v-federal-aviation-administration_aa0b,2020,Petitions for rehearing en banc denied.,Federal Statutory Claims;NEPA,USA,0,0,0,0,0,0,0,0,0,0,0,0,0,0,0,1,1
https://www.climatecasechart.com/document/center-for-food-and-adequate-living-rights-et-al-v-tanzania-and-uganda_3b67,2020,Pending,Environmental assessment and permitting;Natural resource extraction;Suits against governments,XAB,0,0,0,0,0,0,0,0,0,1,0,0,0,0,0,0,1
https://www.climatecasechart.com/document/central-delta-water-agency-v-california-department-of-water-resources_10b4,2020,Judgment denying relief under CEQA affirmed.,Adaptation;Challenges to adaptation measures;State Impact Assessment Laws;State Law Claims,USA;US-CA,0,0,0,0,0,0,0,0,0,0,0,0,0,0,0,1,1
https://www.climatecasechart.com/document/challenging-criteria-and-technical-requirements-to-perform-fracking-in-colombia_bc47,2016,Decided,Environmental assessment and permitting;Human Rights;Natural resource extraction;Right to a healthy environment;Suits against governments,COL,0,0,0,0,0,0,0,0,0,1,0,0,0,0,0,0,1
https://www.climatecasechart.com/document/chesapeake-bay-foundation-inc-v-county-of-henrico_af84,2021,Case voluntarily dismissed with prejudice.,Actions seeking adaptation measures;Adaptation;Clean Water Act;Federal Statutory Claims,USA;US-VA,0,0,0,0,0,0,0,0,0,0,0,0,0,0,0,1,1
https://www.climatecasechart.com/document/chiquita-canyon-llc-v-county-of-los-angeles_10ae,2020,"Writ for administrative mandated granted in part and denied in part, causes of action for declaratory relief denied, and remaining causes of action transferred for assignment.",Industry Lawsuits;State Law Claims,USA;US-CA,0,0,0,0,0,0,0,0,0,0,0,0,0,0,0,1,1
https://www.climatecasechart.com/document/citizens-committee-on-the-kobe-coal-fired-power-plant-v-kobe-steel-ltd-et-al_21ad,2018,Decided,"Corporations;Suits against corporations, individuals;GHG emissions reduction",JPN,0,0,0,0,0,0,0,0,0,1,0,0,0,0,0,0,1
https://www.climatecasechart.com/document/city-county-of-honolulu-v-sunoco-lp_5f94,2020,Mandate issued.,Actions seeking money damages for losses;Adaptation;Common Law Claims,USA;US-HI,0,0,0,0,0,0,0,0,0,0,0,0,0,0,0,1,1
https://www.climatecasechart.com/document/city-county-of-honolulu-v-sunoco-lp_79f3,2020,Transmittal letter sent to Hawai'i Circuit Court after Ninth Circuit denied stay.,Actions seeking money damages for losses;Adaptation;Common Law Claims,USA;US-HI,0,0,0,0,0,0,0,0,0,0,0,0,0,0,0,1,1
https://www.climatecasechart.com/document/city-county-of-honolulu-v-sunoco-lp_89d0,2020,Memorandum of law filed by plaintiffs in opposition to defendants' motion for summary judgment based on statute of limitations.,Actions seeking money damages for losses;Adaptation;Common Law Claims,USA;US-HI,0,0,0,0,0,0,0,0,0,0,0,0,0,0,0,1,1
https://www.climatecasechart.com/document/city-of-annapolis-v-bp-p-l-c_8163,2021,Motions to dismiss granted.,Actions seeking money damages for losses;Adaptation;Common Law Claims,USA;US-MD,0,0,0,0,0,0,0,0,0,0,1,0,0,0,0,1,2
https://www.climatecasechart.com/document/city-of-annapolis-v-bp-p-l-c_8537,2021,Letter submitted by defendants in response to plaintiff's April 3 letter regarding new authorities.,Actions seeking money damages for losses;Adaptation;Common Law Claims,USA;US-MD,0,0,0,0,0,0,0,0,0,0,1,0,0,0,0,1,2
https://www.climatecasechart.com/document/city-of-arcata-v-pacific-gas-electric-co_e41f,2020,Complaint filed.,Other Types of State Law Cases;State Law Claims,USA;US-CA,0,0,0,0,0,0,0,0,0,0,0,0,0,0,0,1,1
https://www.climatecasechart.com/document/city-of-charleston-v-brabham-oil-co_490f,2020,City of Charleston confirmed it would not appeal dismissal.,Actions seeking money damages for losses;Adaptation;Common Law Claims,USA;US-SC,0,0,0,0,0,0,0,0,0,0,0,0,0,0,0,1,1
https://www.climatecasechart.com/document/city-of-hoboken-v-exxon-mobil-corp_8250,2020,Motion to dismiss due to the State of New Jersey's pending case denied.,Actions seeking money damages for losses;Adaptation;Common Law Claims,USA;US-NJ,0,0,0,0,0,0,0,0,0,0,0,0,0,0,0,1,1
https://www.climatecasechart.com/document/city-of-new-york-v-exxon-mobil-corp_9dfc,2021,Motions to dismiss granted.,Other Types of State Law Cases;State Law Claims,USA;US-NY,0,0,0,0,0,0,0,0,0,0,1,0,0,0,0,0,1
https://www.climatecasechart.com/document/city-of-new-york-v-exxon-mobil-corp_c9b2,2021,Motion to remand granted.,Other Types of State Law Cases;State Law Claims,USA;US-NY,0,0,0,0,0,0,0,0,0,0,1,0,0,0,0,0,1
https://www.climatecasechart.com/document/city-of-quincy-v-massachusetts-department-of-environmental-protection_b1da,2021,Plaintiffs' motion for judgment on the pleadings denied and defendants' cross-motions for judgment on the pleadings allowed.,Adaptation;Environmentalist Lawsuits;Reverse Impact Assessment;State Law Claims,USA;US-MA,0,0,0,0,0,0,0,0,0,0,0,0,0,0,0,1,1
https://www.climatecasechart.com/document/clark-v-haaland_3cdf,2021,Motions to dismiss granted.,Actions seeking adaptation measures;Adaptation,USA;US-NM,0,0,0,0,0,0,0,0,0,0,0,0,0,0,0,1,1
https://www.climatecasechart.com/document/clean-wisconsin-inc-v-public-service-commission_f932,2020,"Notice of appeal <a href=""https://www.superiortelegram.com/news/local/court-appeal-filed-over-proposed-gas-plant-in-superior"">filed</a> by Clean Wisconsin and Sierra Club.",Environmentalist Lawsuits;State Impact Assessment Laws;State Law Claims,USA;US-WI,0,0,0,0,0,0,0,0,0,0,0,0,0,0,0,1,1
https://www.climatecasechart.com/document/clinch-coalition-v-u-s-forest-service_4d26,2021,Complaint filed.,Federal Statutory Claims;NEPA,USA;US-VA,0,0,0,0,0,0,0,0,1,0,0,0,0,0,0,0,1
https://www.climatecasechart.com/document/combeima-river-case-of-september-14-2020_692e,2011,Decided,Environmental assessment and permitting;Human Rights;Natural resource extraction;Right to a healthy environment;Suits against governments,COL,0,0,0,0,0,0,0,0,0,1,0,0,0,0,0,0,1
https://www.climatecasechart.com/document/communication-to-the-oecds-arrangement-on-efforts-to-expand-the-coal-fired-electricity-generation-sector_80a7,2021,Pending,Climate-justified measures;Human Rights;Other;Suits against governments;Trade and Investment;Youth/Children,XAB,0,0,0,0,0,0,0,0,0,0,0,0,0,0,0,1,1
https://www.climatecasechart.com/document/community-environmental-advocates-v-city-of-grass-valley_f735,2020,Judgment denying the petition for writ of mandate reversed.,State Impact Assessment Laws;State Law Claims,USA;US-CA,0,0,0,0,0,0,0,0,0,0,0,0,0,0,0,1,1
https://www.climatecasechart.com/document/community-members-for-environmental-justice-v-city-of-minneapolis_9908,2021,Case dismissed as untimely.,Adaptation;Reverse Impact Assessment;State Impact Assessment Laws;State Law Claims,USA;US-MN,0,0,0,0,0,0,0,0,0,0,0,0,0,0,0,1,1
https://www.climatecasechart.com/document/company-workers-union-of-maritima-commercial-somarco-limited-and-others-v-ministry-of-energy_f13e,2021,Decided,Human Rights;Just transition;Suits against governments,CHL,0,0,0,0,0,0,0,0,0,1,0,0,0,0,0,0,1
https://www.climatecasechart.com/document/complaint-against-drax-group-plc-under-the-oecd-guidelines-brought-by-the-lifescape-project-and-others_33ac,2021,Pending,"Climate damage;Corporations;Suits against corporations, individuals;Disclosures;GHG emissions reduction",XAB,0,0,0,0,0,0,0,0,1,0,1,0,0,0,0,0,2
https://www.climatecasechart.com/document/confederated-tribes-of-the-coos-lower-umpqua-and-siuslaw-indians-v-federal-energy-regulatory-commission_bc50,2020,Petition for review filed.,Federal Statutory Claims;NEPA;Other Statutes and Regulations,USA;US-DC,0,0,0,0,0,0,0,0,0,1,0,0,0,0,0,1,2
https://www.climatecasechart.com/document/conservation-council-for-hawaii-v-haaland_da2b,2021,Second joint status report filed re: stipulation regarding habitat definition rule.,Endangered Species Act and Other Wildlife Protection Statutes;Federal Statutory Claims,USA;US-HI,0,0,0,0,0,0,0,0,1,0,0,0,0,0,0,0,1
https://www.climatecasechart.com/document/conservation-law-foundation-v-epa_e2d5,2020,Motion for remand without vacatur granted and case dismissed.,Clean Water Act;Federal Statutory Claims,USA;US-MA,0,0,0,0,0,0,0,0,0,0,0,0,0,0,0,1,1
https://www.climatecasechart.com/document/conservation-law-foundation-v-pike-fuels-lp_57c4,2021,Motion to dismiss second amended complaint denied.,Actions seeking adaptation measures;Adaptation;Clean Water Act;Federal Statutory Claims;Other Statutes and Regulations,USA;US-CT,0,0,0,0,0,0,0,0,0,0,1,0,0,0,0,1,2
https://www.climatecasechart.com/document/conservation-law-foundation-v-shell-oil-co_b6ad,2021,Defendants' motion for a stay denied.,Actions seeking adaptation measures;Adaptation;Clean Water Act;Federal Statutory Claims;Other Statutes and Regulations,USA;US-CT,0,0,0,0,1,0,0,0,1,0,1,0,0,0,0,1,4
https://www.climatecasechart.com/document/cottonwood-environmental-law-center-v-marten_ea45,2020,Motion to dismiss granted.,Federal Statutory Claims;NEPA,USA;US-MT,0,0,0,0,0,0,0,0,0,0,0,0,0,0,0,1,1
https://www.climatecasechart.com/document/county-of-maui-v-sunoco-lp_b671,2020,Motion to dismiss for lack of personal jurisdiction filed by defendants.,Actions seeking money damages for losses;Adaptation;Common Law Claims,USA;US-HI,0,0,0,0,0,0,0,0,0,0,0,0,0,0,0,1,1
https://www.climatecasechart.com/document/credit-suisse-protesters-trials_5735,2020,Decided,"Protesters;Suits against corporations, individuals",CHE,0,0,0,0,0,0,0,0,0,0,0,0,0,0,0,1,1
https://www.climatecasechart.com/document/d-g-khan-cement-company-v-government-of-punjab_38a8,2019,Decided,Suits against governments;Environmental assessment and permitting;Climate adaptation;Other projects,PAK,0,0,0,0,0,0,0,0,0,1,0,0,0,0,0,0,1
https://www.climatecasechart.com/document/dakota-rural-action-v-u-s-department-of-agriculture_6f2b,2018,CAFO provisions of final rule vacated.,Federal Statutory Claims;NEPA,USA;US-DC,0,0,0,0,0,0,0,0,0,1,0,0,0,0,0,0,1
https://www.climatecasechart.com/document/danskammer-energy-llc-v-new-york-state-department-of-environmental-conservation_5fc5,2021,Plans for construction of plant paused and ALJ proceedings paused for one year.,Industry Lawsuits;State Law Claims,USA;US-NY,0,0,0,0,0,0,0,0,0,0,1,0,0,0,0,1,2
https://www.climatecasechart.com/document/decision-of-the-hungarian-constitutional-court-in-case-ii-3536-2021-on-the-constitutionality-of-article-3-1-of-the-climate-protection-act_0a7e,2021,Decided,Human Rights;Right to a healthy environment;Suits against governments,HUN,0,0,0,0,0,0,0,0,1,0,0,0,0,0,0,1,2
https://www.climatecasechart.com/document/decision-su-698-17-of-november-28-2017_fbf6,2015,Decided,Environmental assessment and permitting;Human Rights;Indigenous Groups;Natural resource extraction;Suits against governments,COL,0,0,0,0,0,0,0,0,0,1,0,0,0,0,0,0,1
https://www.climatecasechart.com/document/defenders-of-wildlife-v-u-s-forest-service_b0be,2021,Petition denied.,Endangered Species Act and Other Wildlife Protection Statutes;Federal Statutory Claims;NEPA,USA;US-CO,0,0,0,0,0,0,0,0,1,0,0,0,0,0,0,1,2
https://www.climatecasechart.com/document/defenders-of-wildlife-v-u-s-forest-service_ee90,2021,Dismissal of petition affirmed.,Endangered Species Act and Other Wildlife Protection Statutes;Federal Statutory Claims;NEPA,USA;US-CO,0,0,0,0,0,0,0,0,1,0,0,0,0,0,0,0,1
https://www.climatecasechart.com/document/delaware-v-bp-america-inc_fddf,2020,Clerk sent remand orders and federal docket sheet to New Jersey Superior Court.,Actions seeking money damages for losses;Adaptation;Common Law Claims,USA;US-DE,0,0,0,0,0,0,0,0,0,0,0,0,0,0,0,1,1
https://www.climatecasechart.com/document/district-of-columbia-v-exxon-mobil-corp_dc1d,2020,Remand order affirmed.,Enforcement Cases;State Law Claims,USA;US-DC,0,0,0,0,0,0,0,0,0,0,0,0,0,0,0,1,1
https://www.climatecasechart.com/document/do-hyun-kim-et-al-v-south-korea_2dd5,2020,Decided,Suits against governments;Other;GHG emissions reduction and trading,KOR,0,0,0,0,0,0,0,0,0,1,0,0,0,0,0,1,2
https://www.climatecasechart.com/document/driftless-area-land-conservancy-v-rural-utilities-service_d8cd,2021,Denial of permanent injunction affirmed and district court judgment vacated because action was premature in the absence of final agency action.,Clean Water Act;Endangered Species Act and Other Wildlife Protection Statutes;Federal Statutory Claims;NEPA;Other Statutes and Regulations,USA;US-WI,0,0,0,0,0,0,0,0,1,0,0,0,0,0,0,0,1
https://www.climatecasechart.com/document/ds-600-european-union-and-certain-member-states-certain-measures-concerning-palm-oil-and-oil-palm-crop-based-biofuels_2ef3,2021,Pending,Climate-justified measures;Suits against governments;Trade and Investment,XAB,0,0,0,0,0,0,0,0,1,0,0,0,0,0,0,1,2
https://www.climatecasechart.com/document/duarte-agostinho-and-others-v-portugal-and-32-other-states_e05d,2020,"Closed (inadmissible, no merits)",Human Rights;Other;Suits against governments,XAB,0,0,0,0,0,0,0,0,0,0,0,0,0,0,0,1,1
https://www.climatecasechart.com/document/earth-island-institute-v-bluetriton-brands_0cad,2021,Stipulation of voluntary dismissal with prejudice filed by the parties.,Environmentalist Lawsuits;State Law Claims,USA;US-DC,0,0,0,0,0,0,0,0,0,0,0,0,0,0,0,1,1
https://www.climatecasechart.com/document/earth-island-institute-v-coca-cola-co_3c58,2021,Dismissal of complaint reversed.,Environmentalist Lawsuits;State Law Claims,USA;US-DC,0,0,0,0,0,0,0,0,0,0,1,0,0,0,0,0,1
https://www.climatecasechart.com/document/earth-island-institute-v-coca-cola-co_ccff,2021,Motion to dismiss granted.,Environmentalist Lawsuits;State Law Claims,USA;US-DC,0,0,0,0,1,0,0,0,0,0,1,0,0,0,0,1,3
https://www.climatecasechart.com/document/east-phillips-neighborhood-institute-inc-v-city-of-minneapolis_47ab,2021,City's decision affirmed.,State Impact Assessment Laws;State Law Claims,USA;US-MN,0,0,0,0,0,0,0,0,0,0,0,0,0,0,0,1,1
https://www.climatecasechart.com/document/east-river-park-action-v-city-of-new-york_7ead,2020,Petition denied.,Challenges to adaptation measures;Adaptation,USA;US-NY,0,0,0,0,0,0,0,0,0,0,0,0,0,0,0,1,1
https://www.climatecasechart.com/document/ecology-action-centre-v-nova-scotia-environment-2022-nssc-104_70e3,2021,Decided,Environmental assessment and permitting;Natural resource extraction;Suits against governments,CAN;CA-NS,0,0,0,0,0,0,0,0,0,0,0,0,0,0,0,1,1
https://www.climatecasechart.com/document/environment-victoria-inc-v-agl-loy-yang-pty-ltd_ec53,2021,Decided,Environmental assessment and permitting;GHG emissions reduction and trading;Suits against governments;Utilities,AUS;AU-VIC,0,0,0,0,0,0,0,0,0,0,0,0,0,0,0,1,1
https://www.climatecasechart.com/document/environmental-defense-fund-v-wheeler_da7a,2020,Final action administratively stayed pending further order of court.,Clean Air Act;Environmentalist Lawsuits;Federal Statutory Claims,USA;US-DC,0,0,0,0,0,0,0,0,0,0,0,0,0,0,0,1,1
https://www.climatecasechart.com/document/environmental-justice-australia-eja-v-australia_a791,2021,Pending,Human Rights;Indigenous Groups;Right to a healthy environment;Suits against governments;Youth/Children,XAB,0,0,0,0,0,0,0,0,1,0,0,0,0,0,0,1,2
https://www.climatecasechart.com/document/environmental-law-policy-center-v-wheeler_4a92,2020,Petition for review filed.,Clean Air Act;Environmentalist Lawsuits;Federal Statutory Claims,USA;US-DC,0,0,0,0,0,0,0,0,0,0,0,0,0,0,0,1,1
https://www.climatecasechart.com/document/envol-vert-et-al-v-casino_fad5,2021,Pending,"Corporations;GHG emissions reduction;Suits against corporations, individuals",FRA,0,0,0,0,0,0,0,0,1,0,1,0,0,0,0,0,2
https://www.climatecasechart.com/document/evans-v-federal-energy-regulatory-commission_4bf9,2020,FERC's motion to dismiss granted and record remanded to FERC.,Federal Statutory Claims;NEPA;Other Statutes and Regulations,USA;US-DC,0,0,0,0,0,0,0,0,0,1,0,0,0,0,0,1,2
https://www.climatecasechart.com/document/federal-public-prosecutors-office-and-public-prosecutors-office-of-the-state-of-parana-vs-federal-environment-agency-ibama-and-environment-agency-of-the-state-of-parana-iat_a199,2020,Pending,Protecting biodiversity and ecosystems;Suits against governments,BRA,0,0,0,0,0,0,0,0,0,1,0,0,0,0,0,1,2
https://www.climatecasechart.com/document/federal-public-prosecutors-office-v-ana-paula-moura-de-souza-deforestation-and-climate-damage-in-the-pae-antimary_2c16,2021,Under Appeal,"Others;Suits against corporations, individuals",BRA;BR-AM,0,0,0,0,0,0,0,0,0,1,0,0,0,0,0,0,1
https://www.climatecasechart.com/document/federal-public-prosecutors-office-v-carlos-eduardo-de-oliveira-lima-deforestation-and-climate-damage-in-the-antimary-pae_2220,2021,Pending,"Others;Suits against corporations, individuals",BRA;BR-AM,0,0,0,0,0,0,0,0,0,1,0,0,0,0,0,0,1
https://www.climatecasechart.com/document/federal-public-prosecutors-office-v-clair-cunha-da-silva-deforestation-and-climate-damage-in-the-pae-antimary_9509,2021,Pending,"Others;Suits against corporations, individuals",BRA;BR-AM,0,0,0,0,0,0,0,0,0,1,0,0,0,0,0,0,1
https://www.climatecasechart.com/document/federal-public-prosecutors-office-v-cleide-guimaraes-machado-deforestation-and-climate-damage-in-the-pae-antimary_dce3,2021,Pending,"Others;Suits against corporations, individuals",BRA;BR-AM,0,0,0,0,0,0,0,0,0,1,0,0,0,0,0,1,2
https://www.climatecasechart.com/document/federal-public-prosecutors-office-v-daniel-matias-deforestation-and-climate-damage-in-the-pae-antimary_b542,2021,Pending,"Others;Suits against corporations, individuals",BRA;BR-AM,0,0,0,0,0,0,0,0,0,1,0,0,0,0,0,0,1
https://www.climatecasechart.com/document/federal-public-prosecutors-office-v-degmar-serrath-de-menezes-caetano-deforestation-and-climate-damage-in-the-antimary-pae_ec87,2021,Pending,"Others;Suits against corporations, individuals",BRA;BR-AM,0,0,0,0,0,0,0,0,0,1,0,0,0,0,0,0,1
https://www.climatecasechart.com/document/federal-public-prosecutors-office-v-erico-batista-de-souza-deforestation-and-climate-damage-in-the-pae-antimary_cfcc,2021,Pending,"Climate damage;Corporations;Suits against corporations, individuals",BRA;BR-AM,0,0,0,0,0,0,0,0,0,1,0,0,0,0,0,0,1
https://www.climatecasechart.com/document/federal-public-prosecutors-office-v-istefania-ferreira-da-silva-deforestation-and-climate-damage-in-the-pae-antimary_12ba,2021,Pending,"Others;Suits against corporations, individuals",BRA;BR-AM,0,0,0,0,0,0,0,0,0,1,0,0,0,0,0,0,1
https://www.climatecasechart.com/document/federal-public-prosecutors-office-v-joel-de-souza-deforestation-and-climate-damage-in-the-pae-antimary_ea8b,2021,Pending,"Others;Suits against corporations, individuals",BRA;BR-AM,0,0,0,0,0,0,0,0,1,1,0,0,0,0,0,0,2
https://www.climatecasechart.com/document/federal-public-prosecutors-office-v-jorginei-anjos-batista-deforestation-and-climate-damage-in-the-antimary-pae_e6c8,2021,Pending,"Others;Suits against corporations, individuals",BRA;BR-AM,0,0,0,0,0,0,0,0,0,1,0,0,0,0,0,0,1
https://www.climatecasechart.com/document/federal-public-prosecutors-office-v-josafa-de-moura-cunha-deforestation-and-climate-damage-in-the-pae-antimary_4422,2021,Pending,"Others;Suits against corporations, individuals",BRA;BR-AM,0,0,0,0,0,0,0,0,0,1,0,0,0,0,0,0,1
https://www.climatecasechart.com/document/federal-public-prosecutors-office-v-jose-barbosa-de-araujo-deforestation-and-climate-damage-in-the-pae-antimary_1c5b,2021,Pending,"Others;Suits against corporations, individuals",BRA;BR-AM,0,0,0,0,0,0,0,0,0,1,0,0,0,0,0,0,1
https://www.climatecasechart.com/document/federal-public-prosecutors-office-v-jose-silva-deforestation-and-climate-damage-in-the-antimary-pae_caa5,2021,Pending,"Others;Suits against corporations, individuals",BRA;BR-AM,0,0,0,0,0,0,0,0,0,1,0,0,0,0,0,0,1
https://www.climatecasechart.com/document/federal-public-prosecutors-office-v-loacir-maria-da-conceicao-deforestation-and-climate-damage-in-the-antimary-pae_ef9c,2021,Under Appeal,"Others;Suits against corporations, individuals",BRA;BR-AM,0,0,0,0,0,0,0,0,0,1,0,0,0,0,0,0,1
https://www.climatecasechart.com/document/federal-public-prosecutors-office-v-nilma-felix-deforestation-and-climate-damage-in-the-pae-antimary_bad7,2021,Decided,"Others;Suits against corporations, individuals",BRA;BR-AM,0,0,0,0,0,0,0,0,0,1,0,0,0,0,0,0,1
https://www.climatecasechart.com/document/federal-public-prosecutors-office-v-nilton-oliveira-da-silva-deforestation-and-climate-damage-in-the-pae-antimary_58ac,2021,Pending,"Others;Suits against corporations, individuals",BRA;BR-AM,0,0,0,0,0,0,0,0,1,1,0,0,0,0,0,0,2
https://www.climatecasechart.com/document/federal-public-prosecutors-office-v-paulo-de-lima-paulo-deforestation-and-climate-damage-in-the-pae-antimary_5b8c,2021,Pending,"Others;Suits against corporations, individuals",BRA;BR-AM,0,0,0,0,0,0,0,0,0,1,0,0,0,0,0,0,1
https://www.climatecasechart.com/document/federal-public-prosecutors-office-v-roges-pereira-sales-desmatamento-e-dano-climatico-no-pae-antimary_9459,2021,Under Appeal,"Others;Suits against corporations, individuals",BRA;BR-AM,0,0,0,0,0,0,0,0,0,1,0,0,0,0,0,0,1
https://www.climatecasechart.com/document/federal-public-prosecutors-office-v-sarah-ketley-muniz-almeida-deforestation-and-climate-damage-in-the-pae-antimary_7ef5,2021,Pending,"Others;Suits against corporations, individuals",BRA;BR-AM,0,0,0,0,0,0,0,0,0,1,0,0,0,0,0,0,1
https://www.climatecasechart.com/document/federal-public-prosecutors-office-v-silvane-de-souza-mendes-deforestation-and-climate-damage-in-the-antimary-pae_90a6,2021,Decided,"Others;Suits against corporations, individuals",BRA;BR-AM,0,0,0,0,0,0,0,0,0,1,0,0,0,0,0,0,1
https://www.climatecasechart.com/document/federal-public-prosecutors-office-v-tauane-camurca-do-vale-deforestation-and-climate-damage-in-the-pae-antimary_9435,2021,Decided,"Others;Suits against corporations, individuals",BRA;BR-AM,0,0,0,0,0,0,0,0,0,1,0,0,0,0,0,0,1
https://www.climatecasechart.com/document/federal-public-prosecutors-office-vs-rogerio-forest-fire_88d7,2016,Pending,"Others;Suits against corporations, individuals",BRA;BR-AM,0,0,0,0,0,0,0,0,0,1,0,0,0,0,0,0,1
https://www.climatecasechart.com/document/federal-public-prosecutors-office-vs-state-of-sao-paulo-cetesb-and-ibama-burning-of-sugarcane-straw_442d,2017,Decided,Environmental assessment and permitting;Other projects;Suits against governments,BRA,0,0,0,0,0,0,0,0,0,1,0,0,0,0,0,0,1
https://www.climatecasechart.com/document/fliegenschnee-et-al-v-federal-ministry-for-digitalisation-and-business-location-austria_2eba,2021,Decided ,EU ETS;GHG emissions reduction and trading;Human Rights;Right to a healthy environment;Suits against governments,AUT,0,0,0,0,1,0,0,0,0,0,0,0,0,0,0,1,2
https://www.climatecasechart.com/document/friends-of-the-clearwater-v-probert_d498,2021,Forest Service's motion to dissolve 2022 injunction granted.,Adaptation;Challenges to adaptation measures;Federal Statutory Claims;NEPA;Other Statutes and Regulations,USA;US-ID,0,0,0,0,0,0,0,1,1,0,0,0,0,0,0,0,2
https://www.climatecasechart.com/document/friends-of-the-earth-v-haaland_398b,2021,Notice of appeal filed by intervenor-defendant State of Louisiana.,Federal Statutory Claims;NEPA,USA;US-DC,0,0,0,0,0,0,0,1,1,0,1,0,0,0,0,0,3
https://www.climatecasechart.com/document/friends-of-the-earth-v-u-s-nuclear-regulatory-commission_c04c,2020,Petition dismissed.,Federal Statutory Claims;NEPA,USA;US-DC,0,0,0,0,0,0,0,0,0,0,0,0,0,0,0,1,1
https://www.climatecasechart.com/document/greenpeace-aotearoa-inc-v-hiringa-energy-limited-and-ballance-agri-nutrients-limited_ba8a,2021,Decided,"Corporations;Environmental assessment and permitting;Suits against corporations, individuals",NZL,0,0,0,0,1,0,0,1,1,0,1,0,0,0,0,1,5
https://www.climatecasechart.com/document/greenpeace-east-asia-and-others-v-ministry-of-economic-affairs_a11b,2021,Pending,GHG emissions reduction and trading;Other;Suits against governments,TWN,0,0,0,0,0,0,0,0,0,0,1,0,0,0,0,0,1
https://www.climatecasechart.com/document/greenpeace-et-al-v-austria_2560,2020,Decided,Human Rights;Other;Suits against governments,AUT,0,0,0,0,0,0,0,0,0,0,0,0,0,0,0,1,1
https://www.climatecasechart.com/document/greenpeace-mexico-v-ministry-of-energy-and-others-on-the-energy-sector-program_9f55,2020,Decided,Suits against governments;Energy and power;Right to a healthy environment;Human Rights,MEX,0,0,0,0,0,0,0,0,0,0,0,0,0,0,0,1,1
https://www.climatecasechart.com/document/greenpeace-netherlands-v-state-of-the-netherlands_1da4,2020,Decided,GHG emissions reduction and trading;Human Rights;Other;Other;Suits against governments,NLD,0,0,0,0,0,0,0,0,0,0,0,0,0,0,0,1,1
https://www.climatecasechart.com/document/greenpeace-nordic-and-others-v-norway_0687,2021,Decided,Environmental assessment and permitting;Human Rights;Natural resource extraction;Other;Suits against governments,XAB,0,0,0,0,0,0,0,0,0,0,0,0,0,0,0,1,1
https://www.climatecasechart.com/document/greenpeace-v-ministry-of-energy-and-others-on-the-energy-sector-program-2020-and-electric-industry-law_63e0,2021,Decided,Suits against governments;Other;GHG emissions reduction and trading;Just transition,MEX,0,0,0,0,0,0,0,0,0,1,0,0,0,0,0,1,2
https://www.climatecasechart.com/document/greenpeace-v-spain-i_30f3,2020,Decided,GHG emissions reduction and trading;Other;Suits against governments,ESP,0,0,0,0,0,0,0,0,0,0,0,0,0,0,0,1,1
https://www.climatecasechart.com/document/greenpeace-v-united-kingdom_2124,2020,Decided,Suits against governments;Natural resource extraction;Environmental assessment and permitting,GBR;GB-SCT,0,0,0,0,0,0,0,0,0,0,0,0,0,0,0,1,1
https://www.climatecasechart.com/document/guyane-nature-environnement-and-france-nature-environnement-v-france_d955,2021,Decided,Environmental assessment and permitting;Suits against governments;Utilities,FRA,0,0,0,0,0,0,0,0,0,0,0,0,0,0,0,1,1
https://www.climatecasechart.com/document/harris-county-v-texas-department-of-transportation_8de3,2021,Dismissed with prejudice pursuant to stipulation.,Federal Statutory Claims;NEPA;Other Statutes and Regulations,USA;US-TX,0,0,0,0,0,0,0,0,0,0,1,0,0,0,0,0,1
https://www.climatecasechart.com/document/hearing-on-climate-change-before-the-inter-american-commission-on-human-rights_4094,2019,Closed,Human Rights;Suits against governments,XAB,0,0,0,0,0,0,0,0,0,1,0,0,0,0,0,0,1
https://www.climatecasechart.com/document/heating-air-conditioning-refrigeration-distributors-international-v-epa_39da,2021,Petition for panel rehearing denied.,Clean Air Act;Federal Statutory Claims;Industry Lawsuits;Other Regulation,USA;US-DC,0,0,0,0,0,0,0,0,0,0,1,0,0,0,0,0,1
https://www.climatecasechart.com/document/held-v-state_9268,2020,"Trial court's findings of fact, conclusions of law, and order affirmed.",Environmentalist Lawsuits;Public Trust Claims;State Law Claims,USA;US-MT,0,0,0,0,0,0,0,0,0,0,0,0,0,0,0,1,1
https://www.climatecasechart.com/document/herrera-carrion-et-al-v-ministry-of-the-environment-et-al-caso-mecheros_4935,2020,Decided,Human Rights;Right to a healthy environment;Suits against governments;Youth/Children,ECU,0,0,0,0,0,0,0,0,0,0,0,0,0,0,0,1,1
https://www.climatecasechart.com/document/housatonic-river-initiative-v-epa_ceb4,2021,Petition for review denied.,Actions seeking adaptation measures;Adaptation;Federal Statutory Claims;Other Statutes and Regulations,USA,0,0,0,0,0,0,0,0,0,0,0,0,0,0,0,1,1
https://www.climatecasechart.com/document/idaho-conservation-league-v-u-s-forest-service_9f7d,2021,"Settlement agreement <a href=""https://idahoconservation.org/blog/boise-national-forests-sage-hen-project-to-get-a-fresh-start/"">announced</a>.",Endangered Species Act and Other Wildlife Protection Statutes;Federal Statutory Claims;NEPA;Other Statutes and Regulations,USA;US-ID,0,0,0,0,0,0,0,0,1,0,0,0,0,0,0,0,1
https://www.climatecasechart.com/document/idheas-litigio-estrategico-v-centro-nacional-de-control-de-energia-cenace-and-secretaria-de-energia-sener_259b,2021,Decided,Suits against governments;Other;GHG emissions reduction and trading;Just transition,MEX,0,0,0,0,0,0,0,0,0,0,0,0,0,0,0,1,1
https://www.climatecasechart.com/document/in-re-blue-water-baltimore-inc_1879,2021,Issuance of permits affirmed.,Actions seeking adaptation measures;Adaptation;Clean Water Act;Federal Statutory Claims,USA;US-MD,0,0,0,0,0,0,0,0,0,0,0,0,0,0,0,1,1
https://www.climatecasechart.com/document/in-re-determination-of-need-for-environmental-impact-statement-for-pavilion-estates-subdivision_d298,2021,Negative declaration affirmed.,State Impact Assessment Laws;State Law Claims,USA;US-MN,0,0,0,0,0,0,0,0,0,0,0,0,0,0,0,1,1
https://www.climatecasechart.com/document/in-re-general-electric-co_3f87,2021,Petition for review denied.,Actions seeking adaptation measures;Adaptation;Federal Statutory Claims;Other Statutes and Regulations,USA,0,0,0,0,1,0,0,0,0,0,0,0,0,0,0,1,2
https://www.climatecasechart.com/document/in-re-oatly-group-ab-securities-litigation_cd72,2021,Order and final judgment entered.,Securities and Financial Regulation,USA;US-NY,0,0,0,0,0,0,0,0,0,0,1,0,0,0,0,1,2
https://www.climatecasechart.com/document/indigenous-environmental-network-v-u-s-bureau-of-land-management_d803,2020,Notice of voluntary dismissal on grounds of mootness and without prejudice filed.,Adaptation;Endangered Species Act and Other Wildlife Protection Statutes;Federal Statutory Claims;NEPA;Other Statutes and Regulations;Reverse Impact Assessment,USA;US-MT,0,0,0,0,0,0,0,0,0,0,0,0,0,0,0,1,1
https://www.climatecasechart.com/document/institute-of-amazonian-studies-v-brazil_4826,2020,Pending,GHG emissions reduction and trading;Human Rights;Other;Protecting biodiversity and ecosystems;Right to a healthy environment;Suits against governments,BRA,0,0,0,0,0,0,0,0,0,0,0,0,0,0,0,1,1
https://www.climatecasechart.com/document/instituto-internacional-arayara-and-fishermens-colony-z-5-v-copelmi-mineracao-ltda-and-fepam-mina-guaiba-project-and-affected-communities_5f44,2019,Decided,"Corporations;Energy and power;Environmental assessment and permitting;Suits against corporations, individuals;Suits against governments",BRA;BR-RS,0,0,0,0,0,0,0,0,0,1,0,0,0,0,0,0,1
https://www.climatecasechart.com/document/instituto-preservar-et-al-v-copelmi-mineracao-ltda-and-ibama_99f9,2021,Pending,"Corporations;Environmental assessment and permitting;Environmental assessment and permitting;Natural resource extraction;Suits against corporations, individuals;Suits against governments",BRA;BR-RS,0,0,0,0,0,0,0,0,0,0,0,0,0,0,0,1,1
https://www.climatecasechart.com/document/interfaith-center-on-corporate-responsibility-v-u-s-securities-and-exchange-commission_62ef,2021,Defendant's cross-motion for summary judgment granted and plaintiffs' motion for summary judgment denied.,Securities and Financial Regulation,USA;US-DC,0,0,0,0,0,0,0,0,0,0,1,0,0,0,0,0,1
https://www.climatecasechart.com/document/iowa-citizens-for-community-improvement-v-council-on-environmental-quality_3a8b,2020,Federal defendants and plaintiffs filed joint status report and stipulation to stay case for an additional 120 days.,Federal Statutory Claims;NEPA,USA;US-DC,0,0,0,0,0,0,0,0,0,0,0,0,0,0,0,1,1
https://www.climatecasechart.com/document/josefina-huffington-archbold-v-office-of-the-president-and-others_338d,2020,decided,Suits against governments,COL,0,0,0,0,0,0,0,0,0,0,0,0,0,0,0,1,1
https://www.climatecasechart.com/document/julia-habana-et-al-v-mexico-unconstitutionality-of-the-reform-to-the-electricity-industry-law_b854,2021,Decided,GHG emissions reduction and trading;Other;Suits against governments,MEX,0,0,0,0,0,0,0,0,0,0,0,0,0,0,0,1,1
https://www.climatecasechart.com/document/juliana-v-united-states_5218,2015,Petition for permission to appeal granted.,Constitutional Claims;Fifth Amendment;Public Trust Claims,USA;US-OR,0,0,0,0,0,0,0,0,0,1,0,0,0,0,0,0,1
https://www.climatecasechart.com/document/juliana-v-united-states_522f,2015,Brief filed by defendants in opposition to motion for leave to file a second amended complaint and to lift the stay.,Constitutional Claims;Fifth Amendment;Public Trust Claims,USA;US-OR,0,0,0,0,0,0,0,0,0,1,0,0,0,0,0,0,1
https://www.climatecasechart.com/document/juliana-v-united-states_83df,2015,Defendants' motion to stay denied.,Constitutional Claims;Fifth Amendment;Public Trust Claims,USA;US-OR,0,0,0,0,0,0,0,0,0,1,0,0,0,0,0,0,1
https://www.climatecasechart.com/document/juliana-v-united-states_83f7,2015,Unopposed motion filed by plaintiffs-appellees to withdraw the motion to stay the mandate.,Constitutional Claims;Fifth Amendment;Public Trust Claims,USA;US-OR,0,0,0,0,0,0,0,0,0,1,0,0,0,0,0,0,1
https://www.climatecasechart.com/document/kaiser-et-al-v-volkswagen-ag_aa30,2021,Decided,"Corporations;GHG emissions reduction;Suits against corporations, individuals",DEU,0,0,0,0,0,0,0,0,0,0,1,0,0,0,0,0,1
https://www.climatecasechart.com/document/kichwa-v-minam_4567,2020,Decided,Suits against governments;Human Rights;Indigenous Groups;Protecting biodiversity and ecosystems,PER,0,0,0,0,0,0,0,0,0,1,0,0,0,0,0,0,1
https://www.climatecasechart.com/document/klamath-siskiyou-wildlands-center-v-u-s-fish-wildlife-service_06e4,2021,Dismissed with prejudice pursuant to stipulation.,Endangered Species Act and Other Wildlife Protection Statutes;Federal Statutory Claims,USA;US-OR,0,0,0,0,0,0,0,1,1,0,0,0,0,0,0,0,2
https://www.climatecasechart.com/document/klimaticka-zaloba-cr-v-czech-republic_d4c0,2021,Decided,GHG emissions reduction and trading;Human Rights;Other;Other;Right to a healthy environment;Suits against governments,CZE,0,0,0,0,0,0,0,0,1,1,1,0,0,0,0,1,4
https://www.climatecasechart.com/document/komor-v-united-states_c72b,2021,Plaintiff filed motion to dismiss without prejudice.,Constitutional Claims;Fifth Amendment;Other Constitutional Claims,USA;US-CO,0,0,0,0,0,0,0,0,1,0,1,0,0,0,0,1,3
https://www.climatecasechart.com/document/kostendt-v-oatly-group-ab_74ee,2021,"Court issued order dismissing the complaint and stating that amended complaints and motions to be appointed lead plaintiff and lead counsel were due December 1, 2021.",Securities and Financial Regulation,USA;US-NY,0,0,0,0,0,0,0,0,0,0,1,0,0,0,0,0,1
https://www.climatecasechart.com/document/ksanka-kupaqa-xa-cin-v-u-s-fish-wildlife-service_fd63,2019,2018 record of decision and 2019 supplement vacated and remanded to the agencies for additional consideration.,Endangered Species Act and Other Wildlife Protection Statutes;Federal Statutory Claims,USA;US-MT,0,0,0,0,0,0,0,0,0,1,0,0,0,0,0,0,1
https://www.climatecasechart.com/document/kunaknana-v-united-states-army-corps-of-engineers_6e34,2013,Settlement reached and fees petition withdrawn.,Adaptation;Federal Statutory Claims;NEPA;Reverse Impact Assessment,USA;US-AK,0,0,0,0,0,0,0,0,0,1,0,0,0,0,0,0,1
https://www.climatecasechart.com/document/laboratorio-do-observatorio-do-clima-v-minister-of-environment-and-brazil_e1d0,2021,Pending,GHG emissions reduction and trading;Human Rights;Other;Right to a healthy environment;Suits against governments,BRA;BR-AM,0,0,0,0,0,0,0,0,1,0,0,0,0,0,0,0,1
https://www.climatecasechart.com/document/last-beach-cleanup-v-terracycle-inc_4d09,2021,Complaint filed.,Environmentalist Lawsuits;State Law Claims,USA;US-CA,0,0,0,0,1,0,0,1,0,0,1,0,0,0,0,0,3
https://www.climatecasechart.com/document/lawyers-for-climate-action-complaint-to-the-advertising-standards-board_c902,2021,Decided,"Corporations;Suits against corporations, individuals;Misleading advertising",NZL,0,0,0,0,0,0,0,0,0,1,0,0,0,0,0,0,1
https://www.climatecasechart.com/document/lawyers-for-climate-action-nz-incorporated-v-the-climate-change-commission_0940,2021,Decided,GHG emissions reduction and trading;Other;Suits against governments,NZL,0,0,0,0,0,0,0,0,1,0,1,0,0,0,0,0,2
https://www.climatecasechart.com/document/league-of-conservation-voters-v-trump_058a,2017,Plaintiffs' Rule 60(b)(6) motion denied.,Federal Statutory Claims;Other Statutes and Regulations,USA;US-AK,0,0,0,0,0,0,0,0,0,1,0,0,0,0,0,0,1
https://www.climatecasechart.com/document/leghari-v-federation-of-pakistan_80c5,2015,Granted,GHG emissions reduction and trading;Human Rights;Other;Other;Right to a healthy environment;Suits against governments,IN-PB;PAK,0,0,0,0,0,0,0,0,0,1,0,0,0,0,0,0,1
https://www.climatecasechart.com/document/liberty-packing-co-v-epa_054a,2021,Parties stipulated to dismissal of complaint with prejudice.,Clean Air Act;Endangerment Findings;Federal Statutory Claims;Industry Lawsuits,USA;US-CA,0,0,0,0,0,0,0,0,1,0,1,0,0,0,0,0,2
https://www.climatecasechart.com/document/louisiana-v-biden_08ea,2021,"Government defendants enjoined from implementing a ""Stop"" on new oil and gas leases on public lands and in offshore waters.",Federal Statutory Claims;Other Statutes and Regulations,USA;US-LA,0,0,0,0,0,0,0,0,1,0,1,0,0,0,0,1,3
https://www.climatecasechart.com/document/louisiana-v-biden_8611,2021,Preliminary injunction vacated and action dismissed.,Federal Statutory Claims;Other Statutes and Regulations,USA;US-LA,0,0,0,0,0,0,0,0,1,0,0,0,0,0,0,1,2
https://www.climatecasechart.com/document/louisiana-v-biden_b56f,2021,Defendants filed notice regarding injunction compliance.,Federal Statutory Claims;Other Statutes and Regulations,USA;US-LA,0,0,0,0,1,0,0,0,1,0,1,0,0,0,0,1,4
https://www.climatecasechart.com/document/louisiana-v-biden_e9e5,2021,Nationwide preliminary injunction vacated and remanded.,Federal Statutory Claims;Other Statutes and Regulations,USA;US-LA,0,0,0,0,0,0,0,0,0,0,0,0,0,0,0,1,1
https://www.climatecasechart.com/document/maine-lobstermens-association-inc-v-national-marine-fisheries-service_f78d,2021,Motion to stay execution of the mandate denied.,Endangered Species Act and Other Wildlife Protection Statutes;Federal Statutory Claims,USA;US-DC,0,0,0,0,0,0,0,1,0,0,0,0,0,0,0,0,1
https://www.climatecasechart.com/document/maine-lobstermens-association-v-national-marine-fisheries-service_b967,2021,District court's grant of summary judgment to NMFS reversed and district court directed to enter summary judgment for the lobstermen on two counts and to vacate the biological opinion as applied to the lobster and Jonah crab fisheries and to remand the phase one rule to NMFS.,Endangered Species Act and Other Wildlife Protection Statutes;Federal Statutory Claims,USA;US-DC,0,0,0,0,0,0,0,1,0,0,0,0,0,0,0,0,1
https://www.climatecasechart.com/document/make-uc-a-good-neighbor-v-regents-of-university-of-california_0698,2021,Denial of petition for writ of mandate reversed.,State Impact Assessment Laws;State Law Claims,USA;US-CA,0,0,0,0,0,0,0,0,0,0,0,0,0,0,0,1,1
https://www.climatecasechart.com/document/matter-of-chesapeake-bay-foundation-inc_cc71,2021,Issuance of permit affirmed.,Clean Water Act;Environmentalist Lawsuits;Federal Statutory Claims;State Law Claims,USA;US-MD,0,0,0,0,0,0,0,0,0,0,0,0,0,0,0,1,1
https://www.climatecasechart.com/document/meeting-house-way-llc-v-marthas-vineyard-commission_d74a,2020,Martha's Vineyard Commission's decision affirmed.,Other Types of State Law Cases;State Law Claims,USA;US-MA,0,0,0,0,0,0,0,0,0,0,0,0,0,0,0,1,1
https://www.climatecasechart.com/document/memphis-community-against-pollution-inc-v-u-s-army-corps-of-engineers_2895,2021,Notice of voluntary dismissal filed by plaintiffs.,Clean Water Act;Federal Statutory Claims;NEPA,USA;US-TN,0,0,0,0,0,0,0,0,0,0,1,0,0,0,0,1,2
https://www.climatecasechart.com/document/ministerio-publico-federal-v-de-rezende_65c3,2021,Pending,"Others;Suits against corporations, individuals",BRA;BR-AM,0,0,0,0,0,0,0,0,1,1,0,0,0,0,0,0,2
https://www.climatecasechart.com/document/minnesota-automobile-dealers-association-v-minnesota_908c,2021,Motion to dismiss granted.,Clean Air Act;Federal Statutory Claims;Industry Lawsuits;State and Municipal Vehicle Standards,USA;US-MN,0,0,0,0,0,0,0,0,0,0,1,0,0,0,0,0,1
https://www.climatecasechart.com/document/missouri-v-biden_02e9,2021,Notice of appeal filed by plaintiff states.,Constitutional Claims;Federal Statutory Claims;Other Constitutional Claims;Other Statutes and Regulations,USA;US-MO,0,0,0,0,0,0,0,0,1,0,1,0,0,0,0,1,3
https://www.climatecasechart.com/document/missouri-v-biden_1c2b,2021,Petition for rehearing en banc denied.,Constitutional Claims;Federal Statutory Claims;Other Constitutional Claims;Other Statutes and Regulations,USA;US-MO,0,0,0,0,0,0,0,0,1,0,0,0,0,0,0,1,2
https://www.climatecasechart.com/document/missouri-v-u-s-department-of-the-interior-bureau-of-reclamation_ea83,2020,Notice of appeal filed by State of Missouri.,Federal Statutory Claims;NEPA,USA;US-MO,0,0,0,0,0,0,0,0,0,0,0,0,0,0,0,1,1
https://www.climatecasechart.com/document/monroe-county-board-of-commissioners-v-u-s-forest-service_c616,2020,Motions for summary judgment granted in part and denied in part.,Federal Statutory Claims;NEPA;Other Statutes and Regulations,USA;US-IN,0,0,0,0,0,0,0,0,0,0,0,0,0,0,0,1,1
https://www.climatecasechart.com/document/montana-environmental-information-center-v-montana-department-of-environmental-quality_8ef0,2021,Motions to stay pending appeal granted.,State Impact Assessment Laws;State Law Claims,USA;US-MT,0,0,0,0,0,0,0,0,0,0,0,0,0,0,0,1,1
https://www.climatecasechart.com/document/montana-environmental-information-center-v-montana-department-of-environmental-quality_c6ea,2021,District court judgment affirmed in part and reversed and remanded in part; vacatur of permit reversed.,State Impact Assessment Laws;State Law Claims,USA;US-MT,0,0,0,0,0,0,0,0,0,0,0,0,0,0,0,1,1
https://www.climatecasechart.com/document/montana-v-washington_50ed,2020,Motion for leave to file a bill of complaint denied.,Commerce Clause;Constitutional Claims,USA,0,0,0,0,0,0,0,0,0,0,0,0,0,0,0,1,1
https://www.climatecasechart.com/document/mpmt-v-joel-rubin-deforestation-in-nova-maringa-mato-grosso_cf4e,2021,Pending,"Suits against corporations, individuals",BRA;BR-MT,0,0,0,0,0,0,0,0,1,0,0,0,0,0,0,0,1
https://www.climatecasechart.com/document/mullner-v-austria_5e43,2021,Pending,Human Rights;Other;Suits against governments,XAB,0,0,0,0,1,0,0,0,0,0,0,0,0,0,0,0,1
https://www.climatecasechart.com/document/nantucket-residents-against-turbines-v-u-s-bureau-of-ocean-energy-management_6e47,2021,Judgment for defendants affirmed.,Endangered Species Act and Other Wildlife Protection Statutes;Federal Statutory Claims;NEPA,USA;US-MA,0,0,0,0,0,0,0,1,0,0,0,0,0,0,0,0,1
https://www.climatecasechart.com/document/nantucket-residents-against-turbines-v-u-s-bureau-of-ocean-energy-management_cf57,2021,Plaintiffs' petition for writ of certiorari denied.,Endangered Species Act and Other Wildlife Protection Statutes;Federal Statutory Claims;NEPA,USA;US-MA,0,0,0,0,0,0,0,1,0,0,0,0,0,0,0,0,1
https://www.climatecasechart.com/document/national-association-for-the-advancement-of-colored-people-erie-unit-2262-v-federal-highway-administration_262b,2020,Defendants' motion for summary judgment granted and plaintiff's motion for summary judgment denied.,Adaptation;Federal Statutory Claims;NEPA;Reverse Impact Assessment,USA;US-PA,0,0,0,0,0,0,0,0,0,0,0,0,0,0,0,1,1
https://www.climatecasechart.com/document/national-audubon-society-v-bernhardt_b8ae,2020,Motions to dismiss denied.,Federal Statutory Claims;NEPA;Other Statutes and Regulations,USA;US-AK,0,0,0,0,0,0,0,0,0,1,0,0,0,0,0,0,1
https://www.climatecasechart.com/document/national-wildlife-federation-v-u-s-army-corps-of-engineers_3b1b,2020,Plaintiffs' motion for summary judgment denied and defendants' cross-motion for summary judgment granted.,Federal Statutory Claims;NEPA;Other Statutes and Regulations,USA;US-IL,0,0,0,0,0,0,0,0,0,0,0,0,0,0,0,1,1
https://www.climatecasechart.com/document/national-wildlife-refuge-association-v-rural-utilities-service_d825,2021,Court declared that compatibility determination precluded transmission line from crossing refuge.,Clean Water Act;Endangered Species Act and Other Wildlife Protection Statutes;Federal Statutory Claims;NEPA;Other Statutes and Regulations,USA;US-WI,0,0,0,0,0,0,0,0,1,0,0,0,0,0,0,1,2
https://www.climatecasechart.com/document/native-village-of-venetie-tribal-government-v-bernhardt_2cac,2020,Complaint filed.,Federal Statutory Claims;NEPA;Other Statutes and Regulations,USA;US-AK,0,0,0,0,0,0,0,0,0,1,0,0,0,0,0,0,1
https://www.climatecasechart.com/document/natural-resources-defense-council-inc-v-brouillette_4bb3,2020,Petition for review filed.,Federal Statutory Claims;Other Statutes and Regulations,USA,0,0,0,0,0,0,0,0,0,0,0,0,0,0,0,1,1
https://www.climatecasechart.com/document/natural-resources-defense-council-inc-v-federal-energy-regulatory-commission_9e8e,2020,Petition for review filed.,Federal Statutory Claims;NEPA;Other Statutes and Regulations,USA;US-DC,0,0,0,0,0,0,0,0,0,1,0,0,0,0,0,1,2
https://www.climatecasechart.com/document/natural-resources-defense-council-inc-v-national-highway-traffic-safety-administration_b837,2021,Motion for voluntary dismissal granted.,Federal Statutory Claims;Other Statutes and Regulations,USA,0,0,0,0,0,0,0,0,0,0,1,0,0,0,0,0,1
https://www.climatecasechart.com/document/necec-transmission-llc-v-bureau-of-parks-lands-maine-department-of-agriculture-conservation-and-forestry_bac5,2021,Jury verdict for developers.,Constitutional Claims;Other Constitutional Claims;Other Types of State Law Cases;State Law Claims,USA;US-ME,0,0,0,0,0,0,0,0,1,0,0,0,0,0,0,1,2
https://www.climatecasechart.com/document/necec-transmission-llc-v-bureau-of-parks-lands_bfba,2021,Case remanded for further proceedings.,Constitutional Claims;Other Constitutional Claims;Other Types of State Law Cases;State Law Claims,USA;US-ME,0,0,0,0,0,0,0,0,1,0,0,0,0,0,0,0,1
https://www.climatecasechart.com/document/neubauer-et-al-v-germany_0a3e,2020,Decided,GHG emissions reduction and trading;Human Rights;Other;Suits against governments,DEU,0,0,0,0,0,0,0,0,0,0,0,0,0,0,0,1,1
https://www.climatecasechart.com/document/new-york-v-national-highway-traffic-safety-administration_d3d8,2021,Petition for review filed.,Federal Statutory Claims;Other Statutes and Regulations,USA,0,0,0,0,0,0,0,0,0,0,1,0,0,0,0,0,1
https://www.climatecasechart.com/document/new-york-v-raimondo_8168,2021,Judgment of district court for the defendants affirmed.,Actions seeking adaptation measures;Adaptation;Federal Statutory Claims;Other Statutes and Regulations,USA;US-NY,0,0,0,0,0,0,0,1,0,0,0,0,0,0,0,0,1
https://www.climatecasechart.com/document/new-york-v-raimondo_b171,2021,Plaintiffs' motion for summary judgment denied and defendants' motion for summary judgment granted.,Actions seeking adaptation measures;Adaptation;Federal Statutory Claims;Other Statutes and Regulations,USA;US-NY,0,0,0,0,0,0,0,1,0,0,0,0,0,0,0,0,1
https://www.climatecasechart.com/document/new-york-v-u-s-department-of-energy_afb6,2021,Motion for voluntary dismissal with prejudice granted.,Federal Statutory Claims;Other Statutes and Regulations,USA,0,0,0,0,0,0,0,0,0,0,1,0,0,0,0,0,1
https://www.climatecasechart.com/document/new-york-v-u-s-department-of-energy_f4bf,2020,Petition for review filed.,Federal Statutory Claims;Other Statutes and Regulations,USA,0,0,0,0,0,0,0,0,0,0,0,0,0,0,0,1,1
https://www.climatecasechart.com/document/new-zealand-forest-owners-association-inc-v-wairoa-district-council_8e2e,2021,Decided,GHG emissions reduction and trading;Other;Suits against governments,NZL,0,0,0,0,0,0,0,0,1,0,0,0,0,0,0,0,1
https://www.climatecasechart.com/document/newberry-community-services-district-v-county-of-san-bernardino_170c,2020,Petition for writ of mandate and complaint for declaratory and injunctive relief filed.,State Law Claims;State Impact Assessment Laws,USA;US-CA,0,0,0,0,0,0,0,0,0,0,0,0,0,0,0,1,1
https://www.climatecasechart.com/document/north-dakota-v-u-s-department-of-the-interior_1071,2021,North Dakota's motion for preliminary injunction granted in part and denied in part.,Federal Statutory Claims;NEPA;Other Statutes and Regulations,USA;US-ND,0,0,0,0,0,0,0,0,0,0,1,0,0,0,0,0,1
https://www.climatecasechart.com/document/north-slope-borough-v-minerals-management-service_2340,2007,Affirmation of district court's decision that North Slope failed to show that MMS acted arbitrarily or capriciously. ,Federal Statutory Claims;NEPA,USA;US-AK,0,0,0,0,0,0,0,0,0,1,0,0,0,0,0,0,1
https://www.climatecasechart.com/document/northern-alaska-environmental-center-v-haaland_cbd7,2020,Status report filed by defendants.,Federal Statutory Claims;NEPA;Other Statutes and Regulations,USA;US-AK,0,0,0,0,0,0,0,0,0,1,0,0,0,0,0,1,2
https://www.climatecasechart.com/document/northern-plains-resource-council-v-montana-board-of-land-commissioners_c84f,2010,Memorandum and order issued.,State Impact Assessment Laws;State Law Claims,USA;US-MT,0,0,0,0,0,0,0,0,0,1,0,0,0,0,0,0,1
https://www.climatecasechart.com/document/northwest-environmental-advocates-v-epa_9706,2021,Motion filed by plaintiff to clarify scope of review.,Actions seeking adaptation measures;Adaptation;Clean Water Act;Federal Statutory Claims,USA;US-WA,0,0,0,0,1,0,0,0,0,0,0,0,0,0,0,1,2
https://www.climatecasechart.com/document/nuestros-derechos-al-futuro-y-medio-ambiente-sano-et-al-v-mexico-unconstitutionality-of-the-reform-to-the-electric-industry-law_8828,2021,Decided,GHG emissions reduction and trading;Other;Suits against governments,MEX,0,0,0,0,0,0,0,0,0,1,0,0,0,0,0,1,2
https://www.climatecasechart.com/document/oakey-coal-action-alliance-inc-v-new-acland-coal-pty-ltd_b42e,2017,Decided (Appeal Withdrawn),"Corporations;Environmental assessment and permitting;Suits against corporations, individuals",AU-QLD;AUS,0,0,0,0,0,0,0,0,0,1,0,0,0,0,0,0,1
https://www.climatecasechart.com/document/ohio-environmental-council-v-u-s-forest-service_23fc,2021,Plaintiff's motion for summary judgment granted in part and denied in part and defendants' motion for summary judgment granted in part and denied in part.,Federal Statutory Claims;NEPA;Other Statutes and Regulations,USA;US-OH,0,0,0,0,0,0,0,0,1,0,0,0,0,0,0,0,1
https://www.climatecasechart.com/document/ong-costa-legal-and-others-vs-municipality-of-florianopolis-and-others_2381,2021,pending,Protecting biodiversity and ecosystems;Suits against governments,BRA;CV-CA,0,0,0,0,1,0,0,0,0,0,0,0,0,0,0,1,2
https://www.climatecasechart.com/document/optimus-steel-llc-v-u-s-army-corps-of-engineers_85bd,2020,Stipulation of dismissal with prejudice filed.,Clean Water Act;Endangered Species Act and Other Wildlife Protection Statutes;Federal Statutory Claims;NEPA,USA;US-TX,0,0,0,0,0,0,0,0,0,0,0,0,0,0,0,1,1
https://www.climatecasechart.com/document/osman-v-northern-rangelands-trust_867a,2021,Decided,"Corporations;Emissions Trading;Strategic Lawsuit Against Public Participation;Suits against corporations, individuals",KEN,0,0,0,0,0,0,0,0,0,0,0,0,0,0,0,1,1
https://www.climatecasechart.com/document/otis-hoffman-et-al-v-state-of-mecklenburg-vorpommern_8021,2021,Decided,GHG emissions reduction and trading;Human Rights;Other;Suits against governments;Youth/Children,DEU,0,0,0,0,0,0,0,0,0,0,0,0,0,0,0,1,1
https://www.climatecasechart.com/document/pabai-pabai-and-guy-paul-kabai-v-commonwealth-of-australia_2b10,2021,Pending,GHG emissions reduction and trading;Human Rights;Indigenous Groups;Other;Suits against governments,AUS,0,0,0,0,1,0,0,0,1,0,0,0,0,0,0,1,3
https://www.climatecasechart.com/document/parakula-selts-mtu-vs-environmental-board_e67c,2021,Decided,Suits against governments;Environmental assessment and permitting;Climate adaptation;Other projects;Protecting biodiversity and ecosystems,EST,0,0,0,0,0,0,0,0,1,0,0,0,0,0,0,0,1
https://www.climatecasechart.com/document/people-v-county-of-lake_8676,2020,"Trial court's decision that the FEIR adequately disclosed the projectâ€™s impact on increasing the
areaâ€™s existing wildfire risks reversed and judgment otherwise affirmed.",Carbon Offsets and Credits;Regulatory;State Impact Assessment Laws;State Law Claims,USA;US-CA,0,0,0,0,0,0,0,0,0,0,0,0,0,0,0,1,1
https://www.climatecasechart.com/document/perri-v-croskrey_5c22,2021,Notice of voluntary dismissal filed by plaintiffs.,Securities and Financial Regulation,USA;US-DE,0,0,0,0,1,0,0,0,0,0,1,0,0,0,0,0,2
https://www.climatecasechart.com/document/petition-to-the-inter-american-commission-on-human-rights-seeking-relief-from-violations-of-the-rights-of-arctic-athabaskan-peoples-resulting-from-rapid-arctic-warming-and-melting-caused-by-emissions-of-black-carbon-by-canada_3c33,2013,"Filed, not yet decided",Human Rights;Suits against governments,XAB,0,0,0,0,0,0,0,0,0,1,0,0,0,0,0,0,1
https://www.climatecasechart.com/document/petition-to-the-inter-american-commission-on-human-rights-seeking-relief-from-violations-resulting-from-global-warming-caused-by-acts-and-omissions-of-the-united-states_e8f8,2005,Petition Denied,Human Rights;Other;Suits against governments,XAB,0,0,0,0,0,0,0,0,0,1,0,0,0,0,0,0,1
https://www.climatecasechart.com/document/petition-to-the-inter-american-commission-on-human-rights-seeking-to-redress-violations-of-the-rights-of-children-in-cite-soleil-haiti_8261,2021,Pending,Human Rights;Suits against governments;Youth/Children,XAB,0,0,0,0,1,0,0,0,0,0,1,0,0,0,0,1,3
https://www.climatecasechart.com/document/plan-b-earth-and-others-v-prime-minister_1b1e,2021,Decided,GHG emissions reduction and trading;Human Rights;Other;Other;Suits against governments;Youth/Children,GBR,0,0,0,0,0,0,0,0,0,0,1,0,0,0,0,0,1
https://www.climatecasechart.com/document/protect-our-parks-inc-v-buttigieg_42f2,2021,"Counts VI, VIII, IX, XI, XII, XIII, and XV dismissed with prejudice and Count VII dismissed without prejudice.",Actions seeking adaptation measures;Adaptation;Clean Water Act;Federal Statutory Claims;NEPA;Other Statutes and Regulations,USA;US-IL,0,0,0,0,0,0,0,0,1,0,0,0,0,0,0,0,1
https://www.climatecasechart.com/document/psb-et-al-v-brazil-on-amazon-fund_f10a,2020,Decided,Protecting biodiversity and ecosystems;Suits against governments,BRA,0,0,0,0,0,0,0,0,0,1,0,0,0,0,0,1,2
https://www.climatecasechart.com/document/psb-et-al-v-brazil-on-climate-fund_890b,2020,Decided,GHG emissions reduction and trading;Other;Suits against governments,BRA,0,0,0,0,0,0,0,0,0,1,0,0,0,0,0,1,2
https://www.climatecasechart.com/document/psb-et-al-v-brazil-on-deforestation-and-human-rights_d678,2020,Decided,Human Rights;Protecting biodiversity and ecosystems;Suits against governments,BRA,0,0,0,0,0,0,0,0,0,1,0,0,0,0,0,0,1
https://www.climatecasechart.com/document/r-oao-cox-others-v-oil-and-gas-authority-others-paid-to-pollute-case_245e,2021,Decided,Environmental assessment and permitting;Natural resource extraction;Suits against governments,GBR,0,0,0,0,0,0,0,0,0,0,1,0,0,0,0,0,1
https://www.climatecasechart.com/document/r-v-bramwell-et-al-the-shell-six-case_2074,2021,Decided,"Protesters;Suits against corporations, individuals",GBR,0,0,0,0,0,0,0,0,1,0,0,0,0,0,0,0,1
https://www.climatecasechart.com/document/rcc-ruling-on-shell-drive-co2-neutral-1_1f28,2021,Decided,"Corporations;Misleading advertising;Suits against corporations, individuals",NLD,0,0,0,0,0,0,0,0,1,0,0,0,0,0,0,0,1
https://www.climatecasechart.com/document/red-lake-band-of-chippewa-indians-v-u-s-army-corps-of-engineers_2dfe,2020,Federal defendants' and Enbridge's cross-motions for summary judgment granted and plaintiffs' motion for summary judgment denied.,Clean Water Act;Federal Statutory Claims;NEPA;Other Statutes and Regulations,USA;US-DC,0,0,0,0,0,0,0,0,0,1,0,0,0,0,0,0,1
https://www.climatecasechart.com/document/responsible-plastic-use-coalition-v-canada-environment-and-climate-change_548e,2021,Pending,Suits against governments,CAN,0,0,0,0,1,0,0,0,0,0,0,0,0,0,0,1,2
https://www.climatecasechart.com/document/reynolds-v-florida_7ffc,2018,Court issued written order dismissing the amended complaint with prejudice.,Environmentalist Lawsuits;Public Trust Claims;State Law Claims,USA;US-FL,0,0,0,0,0,0,0,0,0,1,0,0,0,0,0,0,1
https://www.climatecasechart.com/document/rfs-power-coalition-v-epa_b10b,2020,"Supplement to reply filed regarding EPA's July 26, 2022 notice.",Clean Air Act;Federal Statutory Claims;Industry Lawsuits;Renewable Fuel Standards,USA;US-DC,0,0,0,0,0,0,0,0,0,0,0,0,0,0,0,1,1
https://www.climatecasechart.com/document/rights-of-indigenous-people-in-addressing-climate-forced-displacement_b449,2020,Pending,Human Rights;Suits against governments,XAB,0,0,0,0,0,0,0,0,0,1,0,0,0,0,0,1,2
https://www.climatecasechart.com/document/rms-of-georgia-llc-d-b-a-choice-refrigerants-v-epa_6be1,2021,"Opening brief filed by petitioner RMS of Georgia, LLC.",Clean Air Act;Federal Statutory Claims;Industry Lawsuits;Other Regulation,USA;US-DC,0,0,0,0,0,0,0,0,0,0,1,0,0,0,0,0,1
https://www.climatecasechart.com/document/rms-of-georgia-llc-v-epa_0f53,2021,Petition transferred to the D.C. Circuit.,Clean Air Act;Federal Statutory Claims;Industry Lawsuits;Other Regulation,USA;US-DC,0,0,0,0,0,0,0,0,0,0,1,0,0,0,0,0,1
https://www.climatecasechart.com/document/rosencrants-v-danimer-scientific-inc_0ef0,2021,Motion to dismiss granted.,Securities and Financial Regulation,USA;US-NY,0,0,0,0,0,0,0,0,0,0,1,0,0,0,0,0,1
https://www.climatecasechart.com/document/royal-forest-bird-protection-society-of-new-zealand-inc-v-southland-district-council_835a,2021,Decided,Energy and power;Suits against governments,NZL,0,0,0,0,0,0,0,0,0,0,1,0,0,0,0,0,1
https://www.climatecasechart.com/document/rwe-and-uniper-v-the-netherlands-ministry-of-climate-and-energy_5fd1,2021,Decided,Climate-justified measures;Energy and power;Suits against governments;Trade and Investment,NLD,0,0,0,0,0,0,0,0,0,0,0,0,0,0,0,1,1
https://www.climatecasechart.com/document/sacchi-et-al-v-argentina-et-al_f10c,2019,Decided,GHG emissions reduction and trading;Human Rights;Suits against governments,XAB,0,0,0,0,0,0,0,0,0,1,0,0,0,0,0,0,1
https://www.climatecasechart.com/document/sagoonick-v-state_d84f,2018,Dismissal affirmed.,Environmentalist Lawsuits;Public Trust Claims;State Law Claims,USA;US-AK,0,0,0,0,0,0,0,0,0,1,0,0,0,0,0,0,1
https://www.climatecasechart.com/document/san-luis-valley-ecosystem-council-v-dallas_2eaa,2021,Petition denied with prejudice.,Endangered Species Act and Other Wildlife Protection Statutes;Federal Statutory Claims;NEPA;Other Statutes and Regulations,USA;US-CO,0,0,0,0,0,0,0,0,1,0,0,0,0,0,0,0,1
https://www.climatecasechart.com/document/sao-paulo-state-public-defenders-office-v-sao-paulo-state-land-institute-foundation-itesp-the-sao-paulo-state-foundation-for-forest-conservation-and-production-fundacao-florestal-and-the-state-of-sao-paulo_0897,2014,Under Appeal,Protecting biodiversity and ecosystems;Suits against governments,BRA,0,0,0,0,0,0,0,0,0,1,0,0,0,0,0,0,1
https://www.climatecasechart.com/document/saonu-and-morobe-provincial-government-v-minster-for-environment-and-conservation-and-climate-change-and-others_6ce8,2021,Pending,Suits against governments;Natural resource extraction;Environmental assessment and permitting,PNG,0,0,0,0,0,0,0,0,0,0,1,0,0,0,0,0,1
https://www.climatecasechart.com/document/save-lamu-et-al-v-national-environmental-management-authority-and-amu-power-co-ltd_6dbd,2016,Decided,Suits against governments;Utilities;Environmental assessment and permitting,KEN,0,0,0,0,0,0,0,0,0,1,0,0,0,0,0,0,1
https://www.climatecasechart.com/document/sdcea-groundwork-v-minister-of-forestry-fisheries-and-the-environment_bbda,2021,Pending,Suits against governments;Utilities;Environmental assessment and permitting,ZAF,0,0,0,0,0,0,0,0,0,0,1,0,0,0,0,0,1
https://www.climatecasechart.com/document/sharma-and-others-v-minister-for-the-environment_a41d,2020,Decided,Environmental assessment and permitting;Natural resource extraction;Suits against governments,AUS,0,0,0,0,0,0,0,0,0,0,0,0,0,0,0,1,1
https://www.climatecasechart.com/document/shell-gulf-of-mexico-inc-v-center-for-biological-diversity_0148,2012,Judgment issued dismissing action without prejudice.,Endangered Species Act and Other Wildlife Protection Statutes;Federal Statutory Claims;NEPA,USA;US-AK,0,0,0,0,0,0,0,0,0,1,0,0,0,0,0,0,1
https://www.climatecasechart.com/document/sierra-club-v-california-department-of-water-resources_ecc7,2020,Verified petition for writ of mandate and complaint for declaratory and injunctive relief filed.,State Impact Assessment Laws;State Law Claims,USA;US-CA,0,0,0,0,0,0,0,0,0,0,0,0,0,0,0,1,1
https://www.climatecasechart.com/document/sierra-club-v-california-department-of-water-resources_fb41,2020,Verified petition for writ of mandate and complaint for declaratory and injunctive relief filed.,State Law Claims;State Impact Assessment Laws,USA;US-CA,0,0,0,0,0,0,0,0,0,0,0,0,0,0,0,1,1
https://www.climatecasechart.com/document/sierra-club-v-city-of-north-tonawanda_3d87,2021,Motions to dismiss granted.,State Impact Assessment Laws;State Law Claims,USA;US-NY,0,0,0,0,0,0,0,0,0,0,0,0,0,0,0,1,1
https://www.climatecasechart.com/document/sierra-club-v-national-marine-fisheries-service_8c52,2020,"Motion to alter or amend the judgment granted and biological opinion vacated effective May 21, 2025.",Endangered Species Act and Other Wildlife Protection Statutes;Federal Statutory Claims,USA;US-MD,0,0,0,0,0,0,0,0,0,0,0,0,0,0,0,1,1
https://www.climatecasechart.com/document/sierra-club-v-u-s-department-of-energy_a70f,2020,Petitions for review denied.,Environmentalist Lawsuits;State Law Claims,USA;US-DC,0,0,0,0,0,0,0,0,0,1,0,0,0,0,0,0,1
https://www.climatecasechart.com/document/sierra-club-v-u-s-department-of-energy_b9b1,2021,Petition for review filed.,Federal Statutory Claims;Other Statutes and Regulations,USA,0,0,0,0,0,0,0,0,0,0,1,0,0,0,0,1,2
https://www.climatecasechart.com/document/sinnok-v-alaska_3014,2017,Motion to dismiss granted.,Environmentalist Lawsuits;Public Trust Claims;State Law Claims,USA;US-AK,0,0,0,0,0,0,0,0,0,1,0,0,0,0,0,0,1
https://www.climatecasechart.com/document/six-youths-v-minister-of-environment-and-others_8f1c,2021,Decided,GHG emissions reduction and trading;Other;Suits against governments,BRA,0,0,0,0,0,0,0,0,1,0,0,0,0,0,0,0,1
https://www.climatecasechart.com/document/smith-v-fonterra-co-operative-group-limited_33b2,2020,Pending,"Corporations;Suits against corporations, individuals;GHG emissions reduction",NZL,0,0,0,0,0,0,0,0,0,0,0,0,0,0,0,1,1
https://www.climatecasechart.com/document/south-fresno-community-alliance-v-city-of-fresno_208d,2021,Superior Court's judgment reversed and trial court directed to vacate order denying the petition for writ of mandate and enter a new order granting the petition.,State Impact Assessment Laws;State Law Claims,USA;US-CA,0,0,0,0,0,0,0,0,0,0,0,0,0,0,0,1,1
https://www.climatecasechart.com/document/sovereign-inupiat-for-a-living-arctic-v-bureau-of-land-management_2797,2020,"Plaintiffs' motions for summary judgment granted in part and denied in part, BLMâ€™s approval of the Willow Project under NEPA vacated, FWS's biological opinion vacated, and action remanded to appropriate agencies for further proceedings.",Federal Statutory Claims;NEPA;Other Statutes and Regulations,USA;US-AK,0,0,0,0,0,0,0,0,0,1,0,0,0,0,0,0,1
https://www.climatecasechart.com/document/state-adi-0007238-31-2021-8-21-7000-eldorado-do-sul-master-plan_79c0,2021,Decided,Protecting biodiversity and ecosystems;Suits against governments,BRA;BR-RS,0,0,0,0,0,0,0,0,0,1,1,0,0,0,0,1,3
https://www.climatecasechart.com/document/state-adi-0804739-62-2021-8-22-0000-jaci-parana-extractive-reserve-and-guajara-mirim-state-park_16d5,2021,Decided,Human Rights;Suits against governments,BRA;BR-RO,0,0,0,0,0,0,0,0,1,1,0,0,0,0,0,0,2
https://www.climatecasechart.com/document/state-of-alaska-v-jewell_43f7,2011,Certiorari denied.,Endangered Species Act and Other Wildlife Protection Statutes;Federal Statutory Claims,USA;US-AK,0,0,0,0,0,0,0,0,0,1,0,0,0,0,0,0,1
https://www.climatecasechart.com/document/state-v-american-petroleum-institute_0d9e,2020,Motions to dismiss granted in part and denied in part.,Actions seeking money damages for losses;Adaptation;Common Law Claims;Enforcement Cases;State Law Claims,USA;US-MN,0,0,0,0,0,0,0,0,0,0,0,0,0,0,0,1,1
https://www.climatecasechart.com/document/state-v-bp-america-inc_513a,2020,First amended complaint filed.,Actions seeking money damages for losses;Adaptation;Common Law Claims,USA;US-DE,0,0,0,0,0,0,0,0,0,0,0,0,0,0,0,1,1
https://www.climatecasechart.com/document/state-v-exxon-mobil-corp_865b,2020,Motion to strike denied.,Actions seeking money damages for losses;Adaptation;Enforcement Cases;State Law Claims,USA;US-CT,0,0,0,0,0,0,0,0,0,0,0,0,0,0,0,1,1
https://www.climatecasechart.com/document/stinson-llp-v-university-of-minnesota_66f6,2021,Memorandum filed by plaintiff in support of motion for summary judgment.,Freedom of Information/Public Records;State Law Claims,USA;US-MN,0,0,0,0,0,0,0,0,1,0,1,0,0,0,0,1,3
https://www.climatecasechart.com/document/stossel-v-meta-platforms-inc_9d18,2021,Motions to dismiss and motions to strike the complaint pursuant to California's anti-SLAPP statute granted without leave to amend.,Climate Change Protesters and Scientists;Protesters,USA;US-CA,0,0,0,0,0,0,0,0,1,0,0,0,0,0,0,0,1
https://www.climatecasechart.com/document/sunpin-energy-services-llc-v-oneil_1044,2021,Complaint dismissed.,Other Types of State Law Cases;State Law Claims,USA;US-MA,0,0,0,0,0,0,0,0,0,0,1,0,0,0,0,1,2
https://www.climatecasechart.com/document/sunpin-energy-services-llc-v-zoning-board-of-appeals-of-petersham_079b,2021,Judgment upholding denial of special permit reversed and case remanded for entry of an order remanding the case to the Zoning Board for issuance of the permit.,Other Types of State Law Cases;State Law Claims,USA;US-MA,0,0,0,0,0,0,0,0,1,0,1,0,0,0,0,1,3
https://www.climatecasechart.com/document/sustaining-the-wild-coast-npc-and-others-v-minister-of-mineral-resources-and-energy-and-others_9a3c,2021,Pending,"Access to information;Corporations;Environmental assessment and permitting;Environmental assessment and permitting;Natural resource extraction;Suits against corporations, individuals;Suits against governments",ZAF,0,0,0,0,0,0,0,1,0,0,0,0,0,0,0,1,2
https://www.climatecasechart.com/document/swartz-v-coca-cola-co_4964,2021,Second amended complaint filed.,Environmentalist Lawsuits;State Law Claims,USA;US-CA,0,0,0,0,0,0,0,0,0,0,1,0,0,0,0,1,2
https://www.climatecasechart.com/document/texas-v-biden_5ec0,2021,Motion to dismiss granted.,Constitutional Claims;Federal Statutory Claims;Other Constitutional Claims;Other Statutes and Regulations,USA;US-TX,0,0,0,0,0,0,0,0,1,0,0,0,0,0,0,0,1
https://www.climatecasechart.com/document/the-planet-v-bolsonaro_9913,2021,Pending,"Others;Suits against corporations, individuals",XAB,0,0,0,0,0,0,0,0,1,1,0,0,0,0,0,1,3
https://www.climatecasechart.com/document/the-two-hundred-v-governors-office-of-planning-research_4cea,2019,Motion for preliminary injunction filed by petitioners.,Constitutional Claims;Fourteenth Amendment;State Impact Assessment Laws;State Law Claims,USA;US-CA,0,0,0,0,0,0,0,0,0,1,0,0,0,0,0,0,1
https://www.climatecasechart.com/document/trustees-for-the-time-being-of-groundwork-v-minister-of-environmental-affairs-acwa-power-khanyisa-thermal-power-station-rf-pty-ltd-and-others_74ec,2017,Decided,Suits against governments;Utilities;Environmental assessment and permitting,ZAF,0,0,0,0,0,0,0,0,0,1,0,0,0,0,0,0,1
https://www.climatecasechart.com/document/tsama-william-and-others-v-ugandas-attorney-general-and-others_0748,2020,Pending,Suits against governments;Right to a healthy environment;Human Rights;Failure to adapt,UGA,0,0,0,0,0,0,0,0,0,1,0,0,0,0,0,0,1
https://www.climatecasechart.com/document/uetricht-v-chicago-parking-meters-llc_0950,2021,Notice of appeal filed by plaintiffs.,Federal Statutory Claims;Other Statutes and Regulations;Other Types of State Law Cases;State Law Claims,USA;US-IL,0,0,0,0,1,0,0,0,0,0,0,0,0,0,0,1,2
https://www.climatecasechart.com/document/un-human-rights-committee-views-adopted-on-teitiota-communication_7511,2015,Decided,Climate migration;Human Rights;Other;Suits against governments,XAB,0,0,0,0,0,0,0,0,0,1,0,0,0,0,0,0,1
https://www.climatecasechart.com/document/violations-of-human-rights-by-to-federation-of-bosnia-herzegovina-bih-and-china-due-to-coal-fired-plants-in-bih_bc61,2021,Pending,"Corporations;Environmental assessment and permitting;Environmental assessment and permitting;Natural resource extraction;Suits against corporations, individuals;Suits against governments",XAB,0,0,0,0,1,0,0,0,0,0,0,0,0,0,0,1,2
https://www.climatecasechart.com/document/waterkeepers-chesapeake-v-federal-energy-regulatory-commission_8897,2021,License vacated and case remanded to FERC.,Clean Water Act;Federal Statutory Claims;NEPA;Other Statutes and Regulations,USA;US-DC,0,0,0,0,0,0,0,0,0,0,0,0,0,0,0,1,1
https://www.climatecasechart.com/document/west-cumbria-mining-v-cumbria-county-council_e139,2021,Pending,Environmental assessment and permitting;Natural resource extraction;Suits against governments,GBR,0,0,0,0,0,0,0,0,1,0,1,0,0,0,0,0,2
https://www.climatecasechart.com/document/western-energy-alliance-v-biden_b2ad,2021,Challenged agency actions upheld.,Federal Statutory Claims;NEPA;Other Statutes and Regulations,USA;US-WY,0,0,0,0,0,0,0,0,1,0,0,0,0,0,0,1,2
https://www.climatecasechart.com/document/western-watersheds-project-v-u-s-bureau-of-land-management_ac90,2021,Parties' motions for summary judgment granted in part and denied in part.,Federal Statutory Claims;NEPA;Other Statutes and Regulations,USA;US-AZ,0,0,0,0,0,0,0,0,1,0,0,0,0,0,0,0,1
https://www.climatecasechart.com/document/wg-woodmere-llc-v-town-of-hempstead_7e07,2020,Motion to dismiss granted.,Adaptation;Challenges to adaptation measures,USA;US-NY,0,0,0,0,0,0,0,0,0,0,0,0,0,0,0,1,1
https://www.climatecasechart.com/document/wild-virginia-v-council-on-environmental-quality_e3d9,2020,Notice of appeal filed.,Federal Statutory Claims;NEPA,USA;US-VA,0,0,0,0,0,0,0,0,0,0,0,0,0,0,0,1,1
https://www.climatecasechart.com/document/wildearth-guardians-v-bernhardt_af6d,2017,Defendant-intervenor Navajo Transitional Energy Company's motion to stay pending appeal denied in anticipation of federal defendants' request for extension.,Federal Statutory Claims;NEPA,USA;US-MT,0,0,0,0,0,0,0,0,0,1,0,0,0,0,0,0,1
https://www.climatecasechart.com/document/wildearth-guardians-v-haaland_2958,2020,"Plaintiff's motion to voluntarily dismiss granted, American Petroleum Institute's and federal defendants' motions to dismiss denied as moot, and federal defendants' motion to remand denied as moot.	",Federal Statutory Claims;NEPA,USA;US-DC,0,0,0,0,0,0,0,0,0,0,0,0,0,0,0,1,1
https://www.climatecasechart.com/document/wildearth-guardians-v-haaland_3a3a,2021,"Plaintiff's motion to voluntarily dismiss granted, American Petroleum Institute's and federal defendants' motions to dismiss denied as moot, and federal defendants' motion to remand denied as moot.",Federal Statutory Claims;NEPA,USA;US-DC,0,0,0,0,0,0,0,0,1,0,1,0,0,0,0,1,3
https://www.climatecasechart.com/document/wildearth-guardians-v-mountain-coal-co_517d,2020,Consent decree approved and entered.,Clean Air Act;Environmentalist Lawsuits;Federal Statutory Claims,USA;US-CO,0,0,0,0,0,0,0,0,0,0,0,0,0,0,0,1,1
https://www.climatecasechart.com/document/wildlands-defense-v-brummett_f02d,2021,Amended complaint filed.,Endangered Species Act and Other Wildlife Protection Statutes;Federal Statutory Claims,USA;US-ID,0,0,0,0,0,0,0,0,1,0,0,0,0,0,0,0,1
https://www.climatecasechart.com/document/willamette-riverkeeper-v-national-marine-fisheries-service_6796,2021,"Plaintiffs', federal defendants', and state defendant's motions for summary judgment granted in part and denied in part.",Endangered Species Act and Other Wildlife Protection Statutes;Federal Statutory Claims;NEPA,USA;US-OR,0,0,0,0,0,0,0,1,0,0,0,0,0,0,0,0,1
https://www.climatecasechart.com/document/women-from-huasco-and-others-v-the-government-of-chile-ministry-of-energy-environment-and-health_cc4d,2021,Decided,Human Rights;Other;Right to a healthy environment;Suits against governments;Women,CHL,0,0,0,0,0,0,0,0,0,0,0,0,0,0,0,1,1
https://www.climatecasechart.com/document/worthington-industries-inc-v-epa_7c2a,2021,Petition for review filed.,Clean Air Act;Federal Statutory Claims;Industry Lawsuits;Other Regulation,USA;US-DC,0,0,0,0,0,0,0,0,0,0,1,0,0,0,0,0,1
https://www.climatecasechart.com/document/wyoming-v-u-s-department-of-interior_a7e2,2021,Motion to consolidate filed.,Federal Statutory Claims;NEPA;Other Statutes and Regulations,USA;US-WY,0,0,0,0,0,0,0,0,1,0,0,0,0,0,0,1,2
https://www.climatecasechart.com/document/yerba-buena-neighborhood-consortium-llc-v-regents-of-the-university-of-california_b999,2021,Judgment for Regents of the University of California affirmed.,Carbon Offsets and Credits;Regulatory;State Impact Assessment Laws;State Law Claims,USA;US-CA,0,0,0,0,0,0,0,0,0,0,0,0,0,0,0,1,1
https://www.climatecasechart.com/document/young-v-epa_2e96,2021,Motion for entry of partial final judgment entered and case stayed pending resolution of appeal.,Climate Change Protesters and Scientists;Federal Statutory Claims;Other Statutes and Regulations;Scientists,USA;US-DC,0,0,0,0,0,0,0,0,0,0,0,0,0,0,0,1,1
https://www.climatecasechart.com/document/youth-verdict-v-waratah-coal_7679,2020,Decided,"Corporations;Environmental assessment and permitting;GHG emissions reduction;Suits against corporations, individuals",AU-QLD;AUS,0,0,0,0,0,0,0,0,0,0,0,0,0,0,0,1,1
